t,x,y,yaw,hit_frac,median_err_m,pf_hz,odom_x,odom_y,odom_yaw,odom_v,odom_wz
2.60,0.481,0.116,-0.049,0.828,0.000,4,5.274,1.223,-2.496,0.000,-0.000
2.70,0.487,0.125,-0.058,0.804,0.050,8,5.274,1.223,-2.496,0.000,-0.000
2.80,0.480,0.130,-0.056,0.812,0.050,11,5.274,1.223,-2.496,0.000,-0.000
2.90,0.488,0.128,-0.059,0.811,0.050,15,5.274,1.223,-2.496,0.000,-0.000
3.00,0.496,0.112,-0.040,0.847,0.000,19,5.274,1.223,-2.496,0.000,-0.000
3.10,0.485,0.103,-0.036,0.849,0.000,24,5.274,1.223,-2.496,0.000,-0.000
3.20,0.480,0.117,-0.050,0.830,0.000,28,5.274,1.223,-2.496,0.000,-0.000
3.30,0.489,0.099,-0.036,0.851,0.000,31,5.274,1.223,-2.496,0.000,-0.000
3.40,0.480,0.113,-0.050,0.825,0.000,35,5.274,1.223,-2.496,0.000,-0.000
3.50,0.488,0.107,-0.039,0.850,0.000,37,5.274,1.223,-2.496,0.000,-0.000
3.60,0.482,0.118,-0.054,0.824,0.000,36,5.274,1.223,-2.496,0.000,-0.000
3.70,0.489,0.103,-0.037,0.855,0.000,35,5.274,1.223,-2.496,0.000,-0.000
3.80,0.489,0.113,-0.039,0.848,0.000,36,5.274,1.223,-2.496,0.000,-0.000
3.90,0.487,0.126,-0.058,0.810,0.050,35,5.274,1.223,-2.496,0.000,-0.000
4.00,0.491,0.122,-0.045,0.834,0.050,36,5.274,1.223,-2.496,0.000,-0.000
4.10,0.498,0.118,-0.042,0.842,0.000,34,5.274,1.223,-2.496,0.000,-0.000
4.20,0.484,0.119,-0.054,0.820,0.000,34,5.274,1.223,-2.496,0.000,-0.000
4.30,0.489,0.104,-0.045,0.847,0.000,35,5.274,1.223,-2.496,0.000,-0.000
4.40,0.473,0.120,-0.051,0.821,0.050,35,5.274,1.223,-2.496,0.000,-0.000
4.50,0.484,0.120,-0.053,0.819,0.050,37,5.274,1.223,-2.496,0.000,-0.000
4.60,0.485,0.107,-0.048,0.836,0.000,39,5.274,1.223,-2.496,0.000,-0.000
4.70,0.486,0.101,-0.036,0.850,0.000,39,5.274,1.223,-2.496,0.000,-0.000
4.80,0.488,0.098,-0.034,0.848,0.000,39,5.274,1.223,-2.496,0.000,-0.000
4.90,0.479,0.111,-0.048,0.833,0.000,41,5.274,1.223,-2.496,0.000,-0.000
5.00,0.478,0.122,-0.052,0.824,0.050,40,5.274,1.223,-2.496,0.000,-0.000
5.10,0.482,0.128,-0.058,0.808,0.050,42,5.274,1.223,-2.496,0.000,-0.000
5.20,0.483,0.104,-0.047,0.836,0.000,43,5.274,1.223,-2.496,0.000,-0.000
5.30,0.494,0.111,-0.039,0.850,0.000,43,5.274,1.223,-2.496,0.000,-0.000
5.40,0.491,0.107,-0.037,0.849,0.000,44,5.274,1.223,-2.496,0.000,-0.000
5.50,0.482,0.126,-0.056,0.812,0.050,44,5.274,1.223,-2.496,0.000,-0.000
5.60,0.490,0.106,-0.038,0.852,0.000,44,5.274,1.223,-2.496,0.000,-0.000
5.70,0.478,0.120,-0.053,0.822,0.050,45,5.274,1.223,-2.496,0.000,-0.000
5.80,0.480,0.128,-0.057,0.816,0.050,45,5.274,1.223,-2.496,0.000,-0.000
5.90,0.485,0.128,-0.059,0.806,0.050,44,5.274,1.223,-2.496,0.000,-0.000
6.00,0.483,0.113,-0.050,0.829,0.000,45,5.274,1.223,-2.496,0.000,-0.000
6.10,0.483,0.123,-0.055,0.816,0.050,44,5.274,1.223,-2.496,0.000,-0.000
6.20,0.484,0.106,-0.044,0.840,0.000,43,5.274,1.223,-2.496,0.000,-0.000
6.30,0.484,0.124,-0.054,0.817,0.050,42,5.274,1.223,-2.496,0.000,-0.000
6.40,0.489,0.126,-0.057,0.817,0.050,40,5.274,1.223,-2.496,0.000,-0.000
6.50,0.483,0.123,-0.055,0.815,0.050,41,5.274,1.223,-2.496,0.000,-0.000
6.60,0.483,0.128,-0.059,0.811,0.050,40,5.274,1.223,-2.496,0.000,-0.000
6.70,0.492,0.109,-0.038,0.852,0.000,40,5.274,1.223,-2.496,0.000,-0.000
6.80,0.489,0.122,-0.057,0.811,0.050,40,5.274,1.223,-2.496,0.000,-0.000
6.90,0.487,0.115,-0.050,0.826,0.000,40,5.274,1.223,-2.496,0.000,-0.000
7.00,0.487,0.098,-0.034,0.853,0.000,40,5.274,1.223,-2.496,0.000,-0.000
7.10,0.483,0.121,-0.054,0.827,0.050,41,5.274,1.223,-2.496,0.000,-0.000
7.20,0.481,0.123,-0.054,0.825,0.050,41,5.274,1.223,-2.496,0.000,-0.000
7.30,0.481,0.122,-0.055,0.817,0.050,43,5.274,1.223,-2.496,0.000,-0.000
7.40,0.481,0.124,-0.054,0.816,0.050,44,5.274,1.223,-2.496,0.000,-0.000
7.50,0.489,0.137,-0.065,0.799,0.050,44,5.274,1.223,-2.496,0.000,-0.000
7.60,0.499,0.113,-0.041,0.849,0.000,44,5.274,1.223,-2.496,0.000,-0.000
7.70,0.487,0.113,-0.051,0.830,0.000,44,5.274,1.223,-2.496,0.000,-0.000
7.80,0.481,0.119,-0.053,0.821,0.050,44,5.274,1.223,-2.496,0.000,-0.000
7.90,0.491,0.113,-0.052,0.826,0.000,44,5.274,1.223,-2.496,0.000,-0.000
8.00,0.481,0.125,-0.052,0.822,0.050,42,5.274,1.223,-2.496,0.000,-0.000
8.10,0.488,0.115,-0.052,0.827,0.000,41,5.274,1.223,-2.496,0.000,-0.000
8.20,0.485,0.093,-0.033,0.852,0.000,41,5.274,1.223,-2.496,0.000,-0.000
8.30,0.493,0.105,-0.038,0.850,0.000,41,5.274,1.223,-2.496,0.000,-0.000
8.40,0.489,0.102,-0.036,0.852,0.000,42,5.274,1.223,-2.496,0.000,-0.000
8.50,0.483,0.122,-0.053,0.823,0.050,42,5.274,1.223,-2.496,0.000,-0.000
8.60,0.484,0.113,-0.052,0.825,0.000,42,5.274,1.223,-2.496,0.000,-0.000
8.70,0.482,0.110,-0.039,0.849,0.000,42,5.274,1.223,-2.496,0.000,-0.000
8.80,0.481,0.116,-0.051,0.828,0.000,43,5.274,1.223,-2.496,0.000,-0.000
8.90,0.484,0.123,-0.055,0.817,0.050,43,5.274,1.223,-2.496,0.000,-0.000
9.00,0.488,0.114,-0.049,0.832,0.000,43,5.274,1.223,-2.496,0.000,-0.000
9.10,0.491,0.111,-0.041,0.848,0.000,41,5.274,1.223,-2.496,0.000,-0.000
9.20,0.490,0.108,-0.039,0.848,0.000,39,5.274,1.223,-2.496,0.000,-0.000
9.30,0.485,0.123,-0.055,0.818,0.050,38,5.274,1.223,-2.496,0.000,-0.000
9.40,0.483,0.126,-0.055,0.818,0.050,36,5.274,1.223,-2.496,0.000,-0.000
9.50,0.479,0.123,-0.054,0.823,0.050,35,5.274,1.223,-2.496,0.000,-0.000
9.60,0.497,0.114,-0.042,0.849,0.000,36,5.274,1.223,-2.496,0.000,-0.000
9.70,0.494,0.104,-0.038,0.850,0.000,35,5.274,1.223,-2.496,0.000,-0.000
9.80,0.483,0.123,-0.057,0.810,0.050,35,5.274,1.223,-2.496,0.000,-0.000
9.90,0.494,0.122,-0.045,0.840,0.000,33,5.274,1.223,-2.496,0.000,-0.000
10.00,0.483,0.121,-0.056,0.815,0.050,34,5.274,1.223,-2.496,0.000,-0.000
10.10,0.492,0.118,-0.053,0.828,0.000,35,5.274,1.223,-2.496,0.000,-0.000
10.20,0.490,0.113,-0.049,0.830,0.000,37,5.274,1.223,-2.496,0.000,-0.000
10.30,0.492,0.123,-0.054,0.822,0.050,36,5.274,1.223,-2.496,0.000,-0.000
10.40,0.495,0.125,-0.046,0.837,0.050,37,5.274,1.223,-2.496,0.000,-0.000
10.50,0.488,0.130,-0.057,0.818,0.050,37,5.274,1.223,-2.496,0.000,-0.000
10.60,0.490,0.127,-0.056,0.816,0.050,37,5.274,1.223,-2.496,0.000,-0.000
10.70,0.481,0.124,-0.052,0.825,0.050,38,5.274,1.223,-2.496,0.000,-0.000
10.80,0.485,0.119,-0.052,0.827,0.050,39,5.274,1.223,-2.496,0.000,-0.000
10.90,0.479,0.124,-0.053,0.822,0.050,40,5.274,1.223,-2.496,0.000,-0.000
11.00,0.484,0.115,-0.050,0.832,0.000,40,5.274,1.223,-2.496,0.000,-0.000
11.10,0.488,0.101,-0.034,0.847,0.000,41,5.274,1.223,-2.496,0.000,-0.000
11.20,0.481,0.116,-0.051,0.828,0.000,41,5.274,1.223,-2.496,0.000,-0.000
11.30,0.481,0.118,-0.050,0.828,0.000,41,5.274,1.223,-2.496,0.000,-0.000
11.40,0.491,0.117,-0.042,0.844,0.000,41,5.274,1.223,-2.496,0.000,-0.000
11.50,0.482,0.124,-0.057,0.814,0.050,41,5.274,1.223,-2.496,0.000,-0.000
11.60,0.489,0.107,-0.038,0.850,0.000,40,5.274,1.223,-2.496,0.000,-0.000
11.70,0.486,0.116,-0.051,0.827,0.000,40,5.274,1.223,-2.496,0.000,-0.000
11.80,0.480,0.118,-0.049,0.829,0.000,39,5.274,1.223,-2.496,0.000,-0.000
11.90,0.502,0.121,-0.045,0.840,0.000,39,5.274,1.223,-2.496,0.000,-0.000
12.00,0.478,0.124,-0.054,0.818,0.050,39,5.274,1.223,-2.496,0.000,-0.000
12.10,0.480,0.123,-0.056,0.815,0.050,40,5.274,1.223,-2.496,0.000,-0.000
12.20,0.494,0.119,-0.041,0.842,0.000,40,5.274,1.223,-2.496,0.000,-0.000
12.30,0.489,0.101,-0.035,0.850,0.000,41,5.274,1.223,-2.496,0.000,-0.000
12.40,0.486,0.092,-0.031,0.851,0.000,41,5.274,1.223,-2.496,0.000,-0.000
12.50,0.484,0.110,-0.047,0.839,0.000,41,5.274,1.223,-2.496,0.000,-0.000
12.60,0.491,0.103,-0.038,0.848,0.000,41,5.274,1.223,-2.496,0.000,-0.000
12.70,0.492,0.119,-0.042,0.843,0.000,40,5.274,1.223,-2.496,0.000,-0.000
12.80,0.486,0.126,-0.057,0.808,0.050,39,5.274,1.223,-2.496,0.000,-0.000
12.90,0.478,0.128,-0.055,0.817,0.050,40,5.274,1.223,-2.496,0.000,-0.000
13.00,0.479,0.123,-0.052,0.822,0.050,41,5.274,1.223,-2.496,0.000,-0.000
13.10,0.482,0.120,-0.052,0.824,0.050,40,5.274,1.223,-2.496,0.000,-0.000
13.20,0.480,0.121,-0.054,0.819,0.050,40,5.274,1.223,-2.496,0.000,-0.000
13.30,0.485,0.135,-0.063,0.805,0.050,40,5.274,1.223,-2.496,0.000,-0.000
13.40,0.488,0.121,-0.042,0.842,0.050,39,5.274,1.223,-2.496,0.000,-0.000
13.50,0.487,0.128,-0.059,0.806,0.050,39,5.274,1.223,-2.496,0.000,-0.000
13.60,0.485,0.122,-0.052,0.824,0.050,39,5.274,1.223,-2.496,0.000,-0.000
13.70,0.487,0.127,-0.056,0.814,0.050,39,5.274,1.223,-2.496,0.000,-0.000
13.80,0.494,0.118,-0.050,0.831,0.000,39,5.274,1.223,-2.496,0.000,-0.000
13.90,0.484,0.121,-0.052,0.826,0.050,39,5.274,1.223,-2.496,0.000,-0.000
14.00,0.487,0.126,-0.059,0.806,0.050,37,5.274,1.223,-2.496,0.000,-0.000
14.10,0.488,0.124,-0.060,0.808,0.050,37,5.274,1.223,-2.496,0.000,-0.000
14.20,0.483,0.128,-0.058,0.810,0.050,38,5.274,1.223,-2.496,0.000,-0.000
14.30,0.477,0.124,-0.058,0.811,0.050,37,5.274,1.223,-2.496,0.000,-0.000
14.40,0.486,0.119,-0.049,0.829,0.000,38,5.274,1.223,-2.496,0.000,-0.000
14.50,0.483,0.125,-0.055,0.824,0.050,38,5.274,1.223,-2.496,0.000,-0.000
14.60,0.485,0.128,-0.058,0.808,0.050,38,5.274,1.223,-2.496,0.000,-0.000
14.70,0.480,0.124,-0.055,0.817,0.050,39,5.274,1.223,-2.496,0.000,-0.000
14.80,0.481,0.127,-0.054,0.817,0.050,39,5.274,1.223,-2.496,0.000,-0.000
14.90,0.485,0.108,-0.037,0.852,0.000,38,5.274,1.223,-2.496,0.000,-0.000
15.00,0.480,0.115,-0.048,0.831,0.000,38,5.274,1.223,-2.496,0.000,-0.000
15.10,0.484,0.117,-0.050,0.827,0.000,37,5.274,1.223,-2.496,0.000,-0.000
15.20,0.475,0.125,-0.054,0.817,0.050,37,5.274,1.223,-2.496,0.000,-0.000
15.30,0.491,0.116,-0.041,0.842,0.000,36,5.274,1.223,-2.496,0.000,-0.000
15.40,0.487,0.100,-0.036,0.850,0.000,36,5.274,1.223,-2.496,0.000,-0.000
15.50,0.483,0.112,-0.047,0.836,0.000,36,5.274,1.223,-2.496,0.000,-0.000
15.60,0.485,0.111,-0.050,0.822,0.000,37,5.274,1.223,-2.496,0.000,-0.000
15.70,0.485,0.124,-0.055,0.820,0.050,37,5.274,1.223,-2.496,0.000,-0.000
15.80,0.490,0.119,-0.050,0.826,0.000,37,5.274,1.223,-2.496,0.000,-0.000
15.90,0.485,0.117,-0.054,0.821,0.000,38,5.274,1.223,-2.496,0.000,-0.000
16.00,0.487,0.121,-0.054,0.822,0.050,39,5.274,1.223,-2.496,0.000,-0.000
16.10,0.487,0.112,-0.048,0.830,0.000,38,5.274,1.223,-2.496,0.000,-0.000
16.20,0.482,0.121,-0.051,0.828,0.050,39,5.274,1.223,-2.496,0.000,-0.000
16.30,0.490,0.122,-0.053,0.821,0.050,39,5.274,1.223,-2.496,0.000,-0.000
16.40,0.484,0.123,-0.053,0.820,0.050,38,5.274,1.223,-2.496,0.000,-0.000
16.50,0.484,0.117,-0.052,0.823,0.000,37,5.274,1.223,-2.496,0.000,-0.000
16.60,0.487,0.120,-0.053,0.820,0.050,33,5.274,1.223,-2.496,0.000,-0.000
16.70,0.484,0.122,-0.055,0.819,0.050,32,5.274,1.223,-2.496,0.000,-0.000
16.80,0.483,0.121,-0.053,0.826,0.050,30,5.274,1.223,-2.496,0.000,-0.000
16.90,0.482,0.126,-0.057,0.811,0.050,30,5.274,1.223,-2.496,0.000,-0.000
17.00,0.490,0.112,-0.039,0.850,0.000,30,5.274,1.223,-2.496,0.000,-0.000
17.10,0.484,0.102,-0.043,0.847,0.000,32,5.274,1.223,-2.496,0.000,-0.000
17.20,0.474,0.115,-0.049,0.833,0.000,31,5.274,1.223,-2.496,0.000,-0.000
17.30,0.488,0.125,-0.058,0.804,0.050,32,5.274,1.223,-2.496,0.000,-0.000
17.40,0.485,0.110,-0.048,0.835,0.000,34,5.274,1.223,-2.496,0.000,-0.000
17.50,0.482,0.115,-0.049,0.842,0.000,37,5.274,1.223,-2.496,0.000,-0.000
17.60,0.491,0.117,-0.043,0.842,0.000,38,5.274,1.223,-2.496,0.000,-0.000
17.70,0.490,0.101,-0.038,0.848,0.000,39,5.274,1.223,-2.496,0.000,-0.000
17.80,0.484,0.111,-0.051,0.827,0.000,41,5.274,1.223,-2.496,0.000,-0.000
17.90,0.488,0.104,-0.038,0.851,0.000,42,5.274,1.223,-2.496,0.000,-0.000
18.00,0.479,0.118,-0.048,0.830,0.000,40,5.274,1.223,-2.496,0.000,-0.000
18.10,0.485,0.122,-0.054,0.824,0.050,39,5.274,1.223,-2.496,0.000,-0.000
18.20,0.481,0.124,-0.054,0.819,0.050,38,5.274,1.223,-2.496,0.000,-0.000
18.30,0.486,0.125,-0.057,0.811,0.050,36,5.274,1.223,-2.496,0.000,-0.000
18.41,0.490,0.124,-0.057,0.812,0.050,36,5.274,1.223,-2.496,0.000,-0.000
18.50,0.483,0.122,-0.055,0.814,0.050,35,5.274,1.223,-2.496,0.000,-0.000
18.60,0.478,0.124,-0.052,0.822,0.050,36,5.274,1.223,-2.496,0.000,-0.000
18.70,0.490,0.118,-0.044,0.840,0.000,35,5.274,1.223,-2.496,0.000,-0.000
18.80,0.491,0.115,-0.043,0.844,0.000,35,5.274,1.223,-2.496,0.000,-0.000
18.90,0.485,0.122,-0.058,0.808,0.050,34,5.274,1.223,-2.496,0.000,-0.000
19.00,0.488,0.124,-0.055,0.819,0.050,37,5.274,1.223,-2.496,0.000,-0.000
19.10,0.486,0.103,-0.043,0.850,0.000,39,5.274,1.223,-2.496,0.000,-0.000
19.20,0.475,0.125,-0.054,0.821,0.050,42,5.274,1.223,-2.496,0.000,-0.000
19.30,0.492,0.116,-0.042,0.842,0.000,43,5.274,1.223,-2.496,0.000,-0.000
19.40,0.493,0.112,-0.038,0.851,0.000,41,5.274,1.223,-2.496,0.000,-0.000
19.50,0.485,0.121,-0.053,0.824,0.050,43,5.274,1.223,-2.496,0.000,-0.000
19.60,0.479,0.124,-0.053,0.822,0.050,44,5.274,1.223,-2.496,0.000,-0.000
19.70,0.479,0.107,-0.044,0.843,0.000,46,5.274,1.223,-2.496,0.000,-0.000
19.80,0.482,0.093,-0.031,0.850,0.000,47,5.274,1.223,-2.496,0.000,-0.000
19.90,0.486,0.108,-0.049,0.834,0.000,47,5.274,1.223,-2.496,0.000,-0.000
20.00,0.491,0.104,-0.037,0.850,0.000,47,5.274,1.223,-2.496,0.000,-0.000
20.10,0.491,0.111,-0.051,0.831,0.000,46,5.274,1.223,-2.496,0.000,-0.000
20.20,0.489,0.127,-0.053,0.819,0.050,46,5.274,1.223,-2.496,0.000,-0.000
20.30,0.485,0.117,-0.052,0.826,0.000,47,5.274,1.223,-2.496,0.000,-0.000
20.40,0.485,0.131,-0.058,0.809,0.050,48,5.274,1.223,-2.496,0.000,-0.000
20.50,0.483,0.123,-0.056,0.817,0.050,46,5.274,1.223,-2.496,0.000,-0.000
20.60,0.476,0.121,-0.053,0.817,0.050,45,5.274,1.223,-2.496,0.000,-0.000
20.70,0.482,0.122,-0.053,0.823,0.050,45,5.274,1.223,-2.496,0.000,-0.000
20.80,0.488,0.119,-0.054,0.822,0.000,44,5.274,1.223,-2.496,0.000,-0.000
20.90,0.494,0.105,-0.038,0.852,0.000,44,5.274,1.223,-2.496,0.000,-0.000
21.00,0.490,0.123,-0.058,0.812,0.050,44,5.274,1.223,-2.496,0.000,-0.000
21.10,0.490,0.102,-0.037,0.849,0.000,45,5.274,1.223,-2.496,0.000,-0.000
21.20,0.489,0.104,-0.036,0.850,0.000,45,5.274,1.223,-2.496,0.000,-0.000
21.30,0.483,0.118,-0.051,0.831,0.000,44,5.274,1.223,-2.496,0.000,-0.000
21.40,0.494,0.124,-0.047,0.838,0.050,45,5.274,1.223,-2.496,0.000,-0.000
21.50,0.495,0.113,-0.042,0.849,0.000,44,5.274,1.223,-2.496,0.000,-0.000
21.60,0.488,0.125,-0.058,0.806,0.050,44,5.274,1.223,-2.496,0.000,-0.000
21.70,0.490,0.121,-0.054,0.820,0.050,41,5.274,1.223,-2.496,0.000,-0.000
21.80,0.489,0.113,-0.040,0.850,0.000,40,5.274,1.223,-2.496,0.000,-0.000
21.90,0.483,0.113,-0.045,0.836,0.000,39,5.274,1.223,-2.496,0.000,-0.000
22.00,0.488,0.109,-0.049,0.832,0.000,37,5.274,1.223,-2.496,0.000,-0.000
22.10,0.488,0.107,-0.047,0.837,0.000,36,5.274,1.223,-2.496,0.000,-0.000
22.20,0.484,0.123,-0.056,0.816,0.050,37,5.274,1.223,-2.496,0.000,-0.000
22.30,0.485,0.123,-0.059,0.806,0.050,38,5.274,1.223,-2.496,0.000,-0.000
22.40,0.490,0.100,-0.036,0.848,0.000,38,5.274,1.223,-2.496,0.000,-0.000
22.50,0.486,0.115,-0.051,0.823,0.000,39,5.274,1.223,-2.496,0.000,-0.000
22.60,0.484,0.122,-0.055,0.820,0.050,39,5.274,1.223,-2.496,0.000,-0.000
22.70,0.484,0.119,-0.053,0.820,0.050,42,5.274,1.223,-2.496,0.000,-0.000
22.80,0.484,0.119,-0.052,0.828,0.050,44,5.274,1.223,-2.496,0.000,-0.000
22.90,0.486,0.121,-0.055,0.820,0.050,46,5.274,1.223,-2.496,0.000,-0.000
23.00,0.485,0.121,-0.054,0.823,0.050,48,5.274,1.223,-2.496,0.000,-0.000
23.10,0.477,0.124,-0.051,0.829,0.050,49,5.274,1.223,-2.496,0.000,-0.000
23.20,0.485,0.117,-0.052,0.828,0.000,47,5.274,1.223,-2.496,0.000,-0.000
23.30,0.486,0.100,-0.034,0.852,0.000,47,5.274,1.223,-2.496,0.000,-0.000
23.40,0.490,0.100,-0.035,0.853,0.000,47,5.274,1.223,-2.496,0.000,-0.000
23.50,0.482,0.114,-0.047,0.836,0.000,48,5.274,1.223,-2.496,0.000,-0.000
23.60,0.485,0.115,-0.043,0.842,0.000,49,5.274,1.223,-2.496,0.000,-0.000
23.70,0.487,0.119,-0.053,0.825,0.000,49,5.274,1.223,-2.496,0.000,-0.000
23.80,0.483,0.116,-0.051,0.830,0.000,49,5.274,1.223,-2.496,0.000,-0.000
23.90,0.480,0.128,-0.056,0.818,0.050,49,5.274,1.223,-2.496,0.000,-0.000
24.00,0.491,0.120,-0.054,0.822,0.050,48,5.274,1.223,-2.496,0.000,-0.000
24.10,0.487,0.112,-0.039,0.849,0.000,47,5.274,1.223,-2.496,0.000,-0.000
24.20,0.475,0.116,-0.051,0.827,0.000,46,5.274,1.223,-2.496,0.000,-0.000
24.30,0.487,0.108,-0.047,0.836,0.000,47,5.274,1.223,-2.496,0.000,-0.000
24.40,0.482,0.117,-0.052,0.823,0.000,46,5.274,1.223,-2.496,0.000,-0.000
24.50,0.486,0.115,-0.051,0.827,0.000,45,5.274,1.223,-2.496,0.000,-0.000
24.60,0.485,0.121,-0.053,0.825,0.050,45,5.274,1.223,-2.496,0.000,-0.000
24.70,0.481,0.122,-0.055,0.819,0.050,43,5.274,1.223,-2.496,0.000,-0.000
24.80,0.489,0.110,-0.050,0.831,0.000,43,5.274,1.223,-2.496,0.000,-0.000
24.90,0.488,0.113,-0.051,0.831,0.000,43,5.274,1.223,-2.496,0.000,-0.000
25.00,0.484,0.111,-0.050,0.831,0.000,44,5.274,1.223,-2.496,0.000,-0.000
25.10,0.481,0.120,-0.054,0.819,0.050,44,5.274,1.223,-2.496,0.000,-0.000
25.20,0.493,0.113,-0.039,0.852,0.000,46,5.274,1.223,-2.496,0.000,-0.000
25.30,0.482,0.126,-0.058,0.810,0.050,44,5.274,1.223,-2.496,0.000,-0.000
25.40,0.478,0.133,-0.059,0.806,0.050,45,5.274,1.223,-2.496,0.000,-0.000
25.50,0.482,0.110,-0.048,0.835,0.000,45,5.274,1.223,-2.496,0.000,-0.000
25.60,0.493,0.114,-0.041,0.844,0.000,46,5.274,1.223,-2.496,0.000,-0.000
25.70,0.488,0.110,-0.041,0.846,0.000,47,5.274,1.223,-2.496,0.000,-0.000
25.80,0.485,0.116,-0.052,0.830,0.000,46,5.274,1.223,-2.496,0.000,-0.000
25.90,0.480,0.124,-0.056,0.818,0.050,45,5.274,1.223,-2.496,0.000,-0.000
26.00,0.482,0.125,-0.058,0.807,0.050,44,5.274,1.223,-2.496,0.000,-0.000
26.10,0.484,0.120,-0.051,0.829,0.000,45,5.274,1.223,-2.496,0.000,-0.000
26.20,0.491,0.112,-0.041,0.849,0.000,43,5.274,1.223,-2.496,0.000,-0.000
26.30,0.485,0.111,-0.050,0.829,0.000,42,5.274,1.223,-2.496,0.000,-0.000
26.40,0.488,0.100,-0.034,0.849,0.000,40,5.274,1.223,-2.496,0.000,-0.000
26.50,0.482,0.117,-0.050,0.828,0.000,40,5.274,1.223,-2.496,0.000,-0.000
26.60,0.488,0.114,-0.053,0.831,0.000,38,5.274,1.223,-2.496,0.000,-0.000
26.70,0.479,0.127,-0.057,0.810,0.050,35,5.274,1.223,-2.496,0.000,-0.000
26.80,0.482,0.113,-0.046,0.835,0.000,36,5.274,1.223,-2.496,0.000,-0.000
26.90,0.489,0.099,-0.033,0.847,0.000,37,5.274,1.223,-2.496,0.000,-0.000
27.00,0.487,0.108,-0.046,0.838,0.000,38,5.274,1.223,-2.496,0.000,-0.000
27.10,0.492,0.104,-0.037,0.849,0.000,36,5.274,1.223,-2.496,0.000,-0.000
27.20,0.495,0.116,-0.043,0.844,0.000,38,5.274,1.223,-2.496,0.000,-0.000
27.30,0.490,0.103,-0.036,0.849,0.000,39,5.274,1.223,-2.496,0.000,-0.000
27.40,0.483,0.118,-0.052,0.827,0.000,41,5.274,1.223,-2.496,0.000,-0.000
27.50,0.482,0.130,-0.060,0.808,0.050,41,5.274,1.223,-2.496,0.000,-0.000
27.60,0.482,0.127,-0.058,0.809,0.050,43,5.274,1.223,-2.496,0.000,-0.000
27.70,0.486,0.120,-0.054,0.822,0.050,46,5.274,1.223,-2.496,0.000,-0.000
27.80,0.485,0.119,-0.052,0.823,0.025,46,5.274,1.223,-2.496,0.000,-0.000
27.90,0.493,0.110,-0.039,0.848,0.000,46,5.274,1.223,-2.496,0.000,-0.000
28.00,0.483,0.121,-0.052,0.824,0.050,46,5.274,1.223,-2.496,0.000,-0.000
28.10,0.486,0.116,-0.053,0.823,0.000,47,5.274,1.223,-2.496,0.000,-0.000
28.20,0.501,0.115,-0.044,0.842,0.000,47,5.274,1.223,-2.496,0.000,-0.000
28.30,0.493,0.110,-0.040,0.849,0.000,47,5.274,1.223,-2.496,0.000,-0.000
28.40,0.482,0.120,-0.054,0.822,0.050,47,5.274,1.223,-2.496,0.000,-0.000
28.50,0.490,0.110,-0.046,0.838,0.000,48,5.274,1.223,-2.496,0.000,-0.000
28.60,0.486,0.117,-0.054,0.822,0.000,47,5.274,1.223,-2.496,0.000,-0.000
28.70,0.483,0.118,-0.049,0.828,0.000,46,5.274,1.223,-2.496,0.000,-0.000
28.80,0.490,0.100,-0.034,0.849,0.000,46,5.274,1.223,-2.496,0.000,-0.000
28.90,0.482,0.121,-0.054,0.825,0.050,45,5.274,1.223,-2.496,0.000,-0.000
29.00,0.493,0.112,-0.051,0.828,0.000,44,5.274,1.223,-2.496,0.000,-0.000
29.10,0.482,0.124,-0.056,0.818,0.050,44,5.274,1.223,-2.496,0.000,-0.000
29.20,0.492,0.112,-0.039,0.849,0.000,43,5.274,1.223,-2.496,0.000,-0.000
29.30,0.492,0.103,-0.037,0.851,0.000,43,5.274,1.223,-2.496,0.000,-0.000
29.40,0.487,0.124,-0.056,0.814,0.050,43,5.274,1.223,-2.496,0.000,-0.000
29.50,0.494,0.114,-0.042,0.844,0.000,43,5.274,1.223,-2.496,0.000,-0.000
29.60,0.488,0.105,-0.036,0.848,0.000,44,5.274,1.223,-2.496,0.000,-0.000
29.70,0.489,0.099,-0.035,0.848,0.000,45,5.274,1.223,-2.496,0.000,-0.000
29.80,0.488,0.113,-0.049,0.834,0.000,45,5.274,1.223,-2.496,0.000,-0.000
29.90,0.483,0.118,-0.052,0.829,0.000,46,5.274,1.223,-2.496,0.000,-0.000
30.00,0.489,0.104,-0.036,0.851,0.000,47,5.274,1.223,-2.496,0.000,-0.000
30.10,0.485,0.110,-0.049,0.842,0.000,47,5.274,1.223,-2.496,0.000,-0.000
30.20,0.484,0.111,-0.049,0.832,0.000,47,5.274,1.223,-2.496,0.000,-0.000
30.30,0.488,0.116,-0.044,0.842,0.000,48,5.274,1.223,-2.496,0.000,-0.000
30.40,0.486,0.105,-0.035,0.852,0.000,48,5.274,1.223,-2.496,0.000,-0.000
30.50,0.483,0.113,-0.050,0.827,0.000,48,5.274,1.223,-2.496,0.000,-0.000
30.60,0.481,0.132,-0.057,0.812,0.050,48,5.274,1.223,-2.496,0.000,-0.000
30.70,0.479,0.130,-0.054,0.815,0.050,48,5.274,1.223,-2.496,0.000,-0.000
30.80,0.481,0.132,-0.059,0.812,0.050,47,5.274,1.223,-2.496,0.000,-0.000
30.90,0.491,0.105,-0.038,0.849,0.000,47,5.274,1.223,-2.496,0.000,-0.000
31.00,0.488,0.117,-0.053,0.823,0.000,47,5.274,1.223,-2.496,0.000,-0.000
31.10,0.480,0.113,-0.048,0.831,0.000,48,5.274,1.223,-2.496,0.000,-0.000
31.20,0.487,0.124,-0.053,0.818,0.050,48,5.274,1.223,-2.496,0.000,-0.000
31.30,0.488,0.107,-0.047,0.836,0.000,48,5.274,1.223,-2.496,0.000,-0.000
31.41,0.479,0.117,-0.051,0.825,0.000,48,5.274,1.223,-2.496,0.000,-0.000
31.50,0.485,0.121,-0.054,0.828,0.050,47,5.274,1.223,-2.496,0.000,-0.000
31.60,0.485,0.108,-0.038,0.853,0.000,47,5.274,1.223,-2.496,0.000,-0.000
31.70,0.491,0.099,-0.037,0.852,0.000,47,5.274,1.223,-2.496,0.000,-0.000
31.80,0.494,0.113,-0.041,0.848,0.000,48,5.274,1.223,-2.496,0.000,-0.000
31.90,0.488,0.103,-0.045,0.847,0.000,47,5.274,1.223,-2.496,0.000,-0.000
32.00,0.488,0.109,-0.046,0.842,0.000,47,5.274,1.223,-2.496,0.000,-0.000
32.11,0.488,0.123,-0.056,0.813,0.050,46,5.274,1.223,-2.496,0.000,-0.000
32.20,0.492,0.124,-0.044,0.842,0.050,45,5.274,1.223,-2.496,0.000,-0.000
32.30,0.488,0.116,-0.051,0.829,0.000,44,5.274,1.223,-2.496,0.000,-0.000
32.40,0.490,0.109,-0.049,0.832,0.000,44,5.274,1.223,-2.496,0.000,-0.000
32.50,0.490,0.108,-0.040,0.848,0.000,45,5.273,1.222,-2.496,0.079,-0.000
32.60,0.493,0.095,-0.034,0.850,0.000,45,5.273,1.222,-2.496,0.000,-0.000
32.70,0.498,0.091,-0.033,0.852,0.000,45,5.265,1.216,-2.496,0.267,-0.000
32.80,0.489,0.079,-0.022,0.852,0.000,45,5.258,1.211,-2.496,0.000,-0.000
32.90,0.478,0.082,-0.012,0.849,0.000,45,5.255,1.209,-2.496,0.100,-0.000
33.00,0.501,0.081,-0.026,0.854,0.000,42,5.254,1.208,-2.496,0.052,-0.000
33.10,0.500,0.080,-0.026,0.853,0.000,42,5.243,1.200,-2.496,0.216,-0.000
33.20,0.485,0.084,-0.026,0.852,0.000,42,5.243,1.200,-2.496,0.000,-0.000
33.30,0.544,0.055,-0.011,0.853,0.000,43,5.241,1.199,-2.496,0.000,-0.000
33.40,0.538,0.054,-0.010,0.853,0.000,41,5.240,1.198,-2.496,0.054,-0.000
33.50,0.543,0.058,-0.015,0.854,0.000,39,5.239,1.197,-2.496,0.000,-0.000
33.60,0.545,0.050,-0.008,0.853,0.000,36,5.223,1.185,-2.496,0.466,-0.000
33.70,0.571,0.062,-0.016,0.851,0.000,35,5.158,1.136,-2.496,0.911,-0.000
33.80,0.567,0.044,-0.001,0.766,0.050,34,5.076,1.074,-2.496,1.108,-0.000
33.90,0.598,0.047,0.006,0.678,0.050,34,4.978,1.000,-2.496,1.289,-0.000
34.00,0.622,0.045,0.044,0.593,0.100,36,4.874,0.922,-2.496,1.339,-0.000
34.10,0.841,0.017,0.025,0.732,0.050,35,4.764,0.840,-2.496,1.383,-0.000
34.20,1.270,0.101,-0.047,0.884,0.050,35,4.656,0.758,-2.496,1.361,-0.000
34.30,1.264,0.090,-0.020,0.749,0.070,34,4.549,0.677,-2.487,1.254,0.239
34.40,1.281,0.087,-0.016,0.661,0.100,35,4.453,0.600,-2.429,1.207,0.694
34.50,1.414,0.081,0.015,0.601,0.100,37,4.365,0.521,-2.382,1.153,0.155
34.60,1.817,0.040,0.005,0.899,0.000,39,4.283,0.443,-2.382,1.120,-0.000
34.70,1.967,0.082,0.033,0.868,0.050,39,4.204,0.367,-2.382,1.092,-0.000
34.80,2.059,0.088,0.043,0.873,0.050,39,4.127,0.294,-2.382,1.039,-0.000
34.90,2.228,0.097,0.056,0.960,0.000,40,4.058,0.229,-2.382,0.959,-0.000
35.00,2.363,0.058,0.069,0.954,0.000,41,3.992,0.166,-2.382,0.907,-0.000
35.10,2.355,0.048,0.083,0.958,0.000,42,3.918,0.096,-2.382,1.067,-0.000
35.20,2.408,0.065,0.078,0.843,0.050,44,3.837,0.019,-2.393,1.135,-0.345
35.30,2.397,0.073,0.080,0.756,0.050,45,3.749,-0.059,-2.456,1.212,-0.575
35.40,2.355,0.108,0.051,0.740,0.025,46,3.653,-0.136,-2.466,1.251,-0.000
35.50,2.367,0.103,0.027,0.727,0.050,45,3.554,-0.215,-2.466,1.264,-0.000
35.60,2.406,0.087,-0.003,0.669,0.050,44,3.456,-0.294,-2.466,1.266,-0.000
35.70,2.420,0.080,-0.006,0.628,0.050,45,3.357,-0.373,-2.466,1.266,-0.000
35.80,2.426,0.075,-0.014,0.624,0.050,46,3.258,-0.453,-2.466,1.261,-0.000
35.90,2.440,0.072,-0.022,0.666,0.050,44,3.159,-0.532,-2.466,1.265,-0.000
36.00,2.445,0.078,-0.040,0.615,0.070,44,3.061,-0.611,-2.466,1.270,-0.000
36.10,2.446,0.075,-0.062,0.614,0.070,46,2.962,-0.690,-2.466,1.266,-0.000
36.20,2.447,0.070,-0.064,0.620,0.050,45,2.863,-0.769,-2.466,1.264,-0.000
36.30,2.470,0.077,-0.079,0.604,0.050,44,2.765,-0.848,-2.466,1.260,-0.000
36.40,2.523,0.071,-0.086,0.592,0.050,42,2.666,-0.928,-2.462,1.258,0.151
36.50,2.563,0.067,-0.092,0.579,0.050,41,2.569,-1.009,-2.413,1.245,0.484
36.60,2.913,0.083,-0.074,0.651,0.050,42,2.477,-1.091,-2.407,1.257,-0.000
36.70,3.182,0.100,-0.048,0.558,0.100,42,2.384,-1.176,-2.407,1.268,-0.000
36.80,3.516,0.093,-0.019,0.636,0.070,42,2.290,-1.261,-2.407,1.257,-0.000
36.90,3.540,0.115,-0.022,0.627,0.100,44,2.197,-1.345,-2.401,1.260,0.222
37.00,3.634,0.127,-0.027,0.533,0.110,43,2.105,-1.430,-2.371,1.262,0.312
37.10,4.066,0.160,-0.019,0.525,0.110,42,2.015,-1.519,-2.364,1.263,-0.000
37.20,4.068,0.168,-0.013,0.525,0.110,43,1.924,-1.609,-2.364,1.269,-0.000
37.30,4.063,0.173,-0.016,0.526,0.110,44,1.834,-1.697,-2.364,1.270,-0.000
37.40,4.059,0.170,-0.002,0.517,0.100,46,1.743,-1.787,-2.364,1.276,-0.000
37.50,4.010,0.158,0.008,0.608,0.100,48,1.653,-1.876,-2.364,1.274,-0.000
37.60,4.377,0.193,-0.019,0.525,0.140,49,1.562,-1.965,-2.364,1.276,-0.000
37.70,4.540,0.201,-0.029,0.535,0.100,49,1.471,-2.055,-2.364,1.272,-0.000
37.80,4.539,0.202,-0.019,0.549,0.100,49,1.379,-2.145,-2.364,1.268,-0.000
37.90,4.534,0.206,0.012,0.607,0.100,49,1.289,-2.234,-2.364,1.273,-0.000
38.00,4.548,0.203,0.026,0.604,0.100,49,1.199,-2.322,-2.364,1.271,-0.000
38.10,4.541,0.201,0.056,0.630,0.050,48,1.108,-2.412,-2.364,1.274,-0.000
38.20,4.514,0.194,0.072,0.643,0.050,48,1.018,-2.501,-2.364,1.271,-0.000
38.30,4.516,0.195,0.073,0.644,0.050,48,0.927,-2.590,-2.366,1.276,-0.063
38.40,4.516,0.196,0.075,0.634,0.100,46,0.841,-2.673,-2.387,1.161,-0.123
38.50,4.520,0.197,0.109,0.650,0.070,46,0.756,-2.754,-2.387,1.164,-0.000
38.60,4.525,0.196,0.123,0.577,0.100,46,0.670,-2.834,-2.387,1.281,-0.000
38.70,4.529,0.198,0.131,0.578,0.100,45,0.585,-2.914,-2.398,1.141,-0.298
38.80,4.558,0.200,0.082,0.583,0.070,45,0.498,-2.990,-2.474,1.260,-0.925
38.90,4.824,0.231,0.064,0.498,0.150,44,0.391,-3.070,-2.506,1.366,-0.000
39.00,5.120,0.270,-0.005,0.571,0.100,44,0.282,-3.150,-2.506,1.280,-0.000
39.10,5.132,0.243,-0.067,0.565,0.100,46,0.176,-3.228,-2.506,1.308,-0.000
39.20,5.094,0.235,-0.065,0.556,0.100,46,0.073,-3.305,-2.506,1.282,-0.000
39.30,5.076,0.233,-0.068,0.546,0.100,46,-0.029,-3.380,-2.506,1.239,-0.000
39.40,5.096,0.207,-0.048,0.545,0.100,48,-0.130,-3.454,-2.506,1.242,-0.000
39.50,5.092,0.191,-0.061,0.544,0.100,48,-0.228,-3.526,-2.506,1.206,-0.000
39.60,5.103,0.210,-0.120,0.502,0.140,48,-0.324,-3.597,-2.506,1.194,-0.000
39.70,5.117,0.197,-0.128,0.518,0.140,47,-0.421,-3.669,-2.506,1.208,-0.000
39.80,5.146,0.238,-0.279,0.529,0.140,46,-0.518,-3.740,-2.506,1.216,-0.000
39.90,5.135,0.267,-0.277,0.528,0.140,46,-0.616,-3.813,-2.506,1.215,-0.000
40.00,5.141,0.271,-0.277,0.423,0.160,47,-0.714,-3.885,-2.505,1.216,0.043
40.10,5.153,0.270,-0.270,0.376,0.150,45,-0.811,-3.958,-2.472,1.217,0.404
40.20,5.176,0.279,-0.224,0.306,0.200,45,-0.906,-4.035,-2.458,1.215,-0.000
40.30,5.170,0.267,-0.211,0.344,0.180,43,-1.000,-4.112,-2.458,1.223,-0.000
40.40,5.153,0.248,-0.150,0.332,0.200,43,-1.095,-4.189,-2.458,1.221,-0.000
40.50,5.265,0.222,-0.124,0.246,0.200,42,-1.189,-4.266,-2.460,1.217,-0.078
40.60,5.601,0.166,-0.145,0.204,0.180,42,-1.286,-4.343,-2.485,1.218,-0.457
40.70,5.613,0.114,-0.092,0.345,0.160,44,-1.383,-4.414,-2.563,1.216,-1.053
40.80,5.594,0.046,-0.081,0.309,0.180,45,-1.489,-4.475,-2.707,1.222,-1.729
40.90,5.600,-0.000,-0.123,0.257,0.210,46,-1.603,-4.519,-2.880,1.216,-1.721
41.00,5.611,-0.101,-0.151,0.222,0.250,46,-1.721,-4.542,-3.040,1.213,-1.526
41.10,5.561,-0.127,0.148,0.302,0.210,47,-1.841,-4.548,3.104,1.212,-1.376
41.20,5.459,-0.076,0.239,0.342,0.210,47,-1.964,-4.536,2.972,1.252,-1.215
41.30,5.490,0.008,0.444,0.449,0.150,48,-2.085,-4.512,2.916,1.251,-0.097
41.40,5.403,0.128,0.542,0.517,0.140,47,-2.207,-4.483,2.913,1.266,-0.116
41.50,5.269,0.230,0.613,0.552,0.100,48,-2.331,-4.451,2.824,1.267,-1.248
41.60,5.105,0.254,0.613,0.663,0.050,48,-2.446,-4.406,2.685,1.217,-1.400
41.70,5.071,0.314,0.506,0.626,0.050,47,-2.553,-4.346,2.542,1.202,-1.402
41.80,5.083,0.320,0.421,0.603,0.050,47,-2.645,-4.276,2.404,1.145,-1.423
41.90,5.099,0.306,0.331,0.591,0.050,47,-2.725,-4.194,2.263,1.122,-1.360
42.00,5.092,0.276,0.264,0.576,0.100,46,-2.793,-4.105,2.163,1.124,-0.923
42.10,5.067,0.256,0.183,0.571,0.100,44,-2.850,-4.010,2.033,1.107,-1.567
42.20,5.064,0.154,0.067,0.545,0.100,44,-2.894,-3.907,1.890,1.100,-1.050
42.30,5.058,0.144,-0.057,0.553,0.100,44,-2.927,-3.803,1.878,1.137,-0.000
42.40,5.059,0.141,-0.144,0.553,0.070,45,-2.961,-3.698,1.878,1.095,-0.000
42.50,5.061,0.142,-0.164,0.567,0.070,44,-2.994,-3.594,1.878,1.066,-0.000
42.60,5.082,0.145,-0.178,0.589,0.070,45,-3.026,-3.493,1.878,1.038,-0.000
42.70,5.089,0.144,-0.210,0.535,0.110,45,-3.056,-3.397,1.881,0.975,0.158
42.80,5.087,0.142,-0.234,0.526,0.110,45,-3.086,-3.309,1.933,0.905,0.559
42.90,5.088,0.148,-0.227,0.504,0.140,45,-3.118,-3.228,1.955,0.857,-0.000
43.00,5.093,0.152,-0.175,0.533,0.110,45,-3.150,-3.149,1.955,0.829,-0.000
43.10,5.113,0.164,-0.193,0.497,0.150,47,-3.182,-3.070,1.955,0.854,-0.000
43.20,5.148,0.165,-0.185,0.493,0.150,47,-3.214,-2.991,1.955,0.862,-0.000
43.30,5.095,0.174,-0.202,0.484,0.150,48,-3.246,-2.911,1.955,0.865,-0.000
43.40,5.101,0.174,-0.199,0.435,0.160,48,-3.279,-2.830,1.955,0.871,-0.000
43.50,5.109,0.164,-0.191,0.406,0.200,49,-3.311,-2.749,1.955,0.868,-0.000
43.60,5.098,0.160,-0.181,0.404,0.210,48,-3.344,-2.669,1.955,0.874,-0.000
43.70,5.076,0.161,-0.195,0.373,0.250,49,-3.376,-2.588,1.955,0.868,-0.000
43.80,5.090,0.205,-0.543,0.268,0.250,49,-3.409,-2.507,1.955,0.872,-0.000
43.90,5.090,0.206,-0.523,0.303,0.250,49,-3.441,-2.429,1.955,0.837,-0.000
44.00,5.097,0.217,-0.517,0.318,0.250,50,-3.471,-2.353,1.955,0.819,-0.000
44.10,5.096,0.227,-0.428,0.368,0.210,50,-3.502,-2.278,1.955,0.803,-0.000
44.20,5.093,0.237,-0.356,0.376,0.200,49,-3.531,-2.205,1.955,0.775,-0.000
44.30,5.097,0.235,-0.353,0.374,0.210,49,-3.560,-2.133,1.955,0.785,-0.000
44.40,5.109,0.226,-0.264,0.373,0.200,49,-3.592,-2.054,1.955,0.875,-0.000
44.50,5.117,0.210,-0.176,0.324,0.200,48,-3.626,-1.972,1.955,0.907,-0.000
44.60,5.123,0.173,-0.128,0.330,0.200,48,-3.660,-1.887,1.955,0.918,-0.000
44.70,5.126,0.154,-0.115,0.393,0.200,48,-3.694,-1.802,1.955,0.915,-0.000
44.80,5.134,0.159,-0.148,0.439,0.200,47,-3.729,-1.716,1.955,0.924,-0.000
44.90,5.138,0.151,-0.143,0.468,0.150,46,-3.763,-1.632,1.955,0.919,-0.000
45.00,5.194,0.102,-0.072,0.529,0.110,45,-3.798,-1.546,1.955,0.919,-0.000
45.10,5.249,0.047,-0.016,0.495,0.150,44,-3.832,-1.461,1.955,0.921,-0.000
45.20,5.310,0.012,0.002,0.489,0.150,44,-3.866,-1.377,1.954,0.861,-0.043
45.30,5.328,-0.008,0.024,0.475,0.160,42,-3.898,-1.296,1.924,0.866,-0.386
45.40,5.199,-0.105,0.205,0.350,0.180,42,-3.927,-1.212,1.884,0.893,-0.398
45.50,5.154,-0.115,0.254,0.319,0.200,42,-3.953,-1.128,1.845,0.879,-0.392
45.60,5.107,-0.050,0.268,0.277,0.210,42,-3.975,-1.044,1.803,0.865,-0.448
45.70,5.120,-0.037,0.311,0.253,0.250,41,-3.993,-0.960,1.746,0.861,-0.657
45.80,5.126,-0.032,0.335,0.248,0.210,42,-4.006,-0.874,1.678,0.867,-0.674
45.90,5.135,-0.028,0.342,0.284,0.210,43,-4.013,-0.788,1.605,0.863,-0.837
46.00,5.145,-0.029,0.295,0.325,0.220,44,-4.013,-0.701,1.515,0.870,-0.935
46.10,5.166,-0.033,0.283,0.342,0.220,45,-4.004,-0.614,1.417,0.882,-0.988
46.20,5.231,-0.020,0.340,0.345,0.200,46,-3.986,-0.520,1.303,0.987,-1.288
46.30,5.201,0.015,0.550,0.360,0.200,47,-3.954,-0.425,1.165,0.998,-1.397
46.40,5.127,0.157,0.597,0.497,0.150,46,-3.907,-0.332,1.018,1.047,-1.481
46.50,5.098,0.311,0.490,0.437,0.150,46,-3.846,-0.245,0.867,1.057,-1.495
46.60,5.146,0.358,0.339,0.516,0.140,44,-3.771,-0.167,0.715,1.051,-1.470
46.70,5.136,0.417,0.418,0.477,0.150,46,-3.685,-0.101,0.563,1.089,-1.524
46.80,5.219,0.446,0.238,0.478,0.150,45,-3.587,-0.047,0.407,1.116,-1.561
46.90,5.480,0.515,-0.204,0.411,0.160,44,-3.483,-0.010,0.252,1.112,-1.556
47.00,5.503,0.525,-0.296,0.385,0.200,44,-3.373,0.011,0.096,1.111,-1.501
47.10,5.520,0.506,-0.366,0.375,0.200,43,-3.262,0.015,-0.047,1.117,-1.285
47.20,5.554,0.461,-0.452,0.377,0.200,42,-3.152,0.007,-0.088,1.108,-0.000
47.30,5.529,0.419,-0.331,0.338,0.200,42,-3.042,-0.003,-0.088,1.104,-0.000
47.40,5.416,0.374,-0.343,0.383,0.200,42,-2.931,-0.013,-0.098,1.115,-0.276
47.50,5.471,0.354,-0.347,0.354,0.200,42,-2.821,-0.026,-0.161,1.082,-0.873
47.60,5.342,0.359,-0.252,0.189,0.200,44,-2.717,-0.047,-0.284,1.050,-1.470
47.70,5.585,0.334,-0.549,0.344,0.220,41,-2.620,-0.082,-0.429,0.982,-1.389
47.80,5.784,0.279,-0.731,0.377,0.200,42,-2.536,-0.126,-0.564,0.919,-1.300
47.90,5.784,0.202,-0.782,0.350,0.200,43,-2.463,-0.177,-0.690,0.885,-1.252
48.00,5.848,0.157,-0.913,0.324,0.200,43,-2.400,-0.235,-0.811,0.822,-1.164
48.10,6.057,-0.020,-1.112,0.411,0.200,44,-2.346,-0.297,-0.928,0.823,-1.164
48.20,6.329,0.017,-1.231,0.352,0.210,45,-2.300,-0.364,-1.042,0.802,-1.134
48.30,6.346,0.010,-1.214,0.297,0.220,45,-2.263,-0.435,-1.155,0.804,-1.137
48.40,6.350,0.033,-1.292,0.239,0.220,45,-2.233,-0.509,-1.213,0.798,-0.006
48.50,6.257,-0.010,-1.355,0.282,0.220,45,-2.205,-0.584,-1.213,0.805,-0.000
48.60,6.132,-0.131,-1.415,0.238,0.250,44,-2.177,-0.659,-1.213,0.809,-0.000
48.70,6.119,-0.230,-1.412,0.258,0.260,45,-2.149,-0.735,-1.214,0.814,-0.040
48.80,6.146,-0.591,-1.545,0.359,0.250,45,-2.121,-0.812,-1.248,0.821,-0.579
48.90,6.330,-0.640,-1.684,0.297,0.210,44,-2.098,-0.889,-1.333,0.791,-0.947
49.00,6.499,-0.623,-1.691,0.244,0.220,43,-2.083,-0.963,-1.423,0.728,-0.871
49.10,6.482,-0.627,-1.642,0.209,0.250,43,-2.075,-1.031,-1.506,0.670,-0.792
49.20,6.469,-0.623,-1.622,0.247,0.250,42,-2.073,-1.094,-1.571,0.595,-0.463
49.30,6.442,-0.606,-1.678,0.228,0.250,42,-2.073,-1.149,-1.578,0.540,-0.000
49.40,6.443,-0.607,-1.689,0.236,0.250,43,-2.073,-1.202,-1.578,0.515,-0.000
49.50,6.419,-0.627,-1.544,0.269,0.220,44,-2.074,-1.253,-1.578,0.501,-0.000
49.60,6.441,-0.566,-1.949,0.277,0.250,45,-2.074,-1.302,-1.582,0.488,-0.045
49.70,6.452,-0.579,-1.876,0.245,0.220,45,-2.075,-1.351,-1.596,0.499,-0.201
49.80,6.446,-0.578,-1.891,0.275,0.250,45,-2.077,-1.401,-1.627,0.499,-0.425
49.90,6.451,-0.569,-1.949,0.287,0.270,44,-2.080,-1.450,-1.668,0.496,-0.379
50.00,6.439,-0.571,-1.945,0.290,0.250,44,-2.086,-1.502,-1.702,0.539,-0.294
50.10,6.459,-0.580,-1.905,0.253,0.260,42,-2.093,-1.555,-1.717,0.561,-0.107
50.20,6.491,-0.602,-1.739,0.271,0.275,43,-2.102,-1.612,-1.718,0.594,-0.000
50.30,6.480,-0.599,-1.745,0.246,0.300,43,-2.111,-1.672,-1.718,0.615,-0.000
50.40,6.471,-0.590,-1.847,0.234,0.300,42,-2.120,-1.733,-1.718,0.616,-0.000
50.50,6.432,-0.599,-1.766,0.220,0.290,40,-2.129,-1.795,-1.718,0.623,-0.000
50.60,6.475,-0.604,-1.741,0.234,0.310,40,-2.138,-1.856,-1.718,0.621,-0.000
50.70,6.478,-0.603,-1.710,0.222,0.320,40,-2.147,-1.918,-1.701,0.620,0.392
50.80,6.487,-0.607,-1.690,0.179,0.320,39,-2.154,-1.980,-1.651,0.623,0.632
50.90,6.481,-0.613,-1.626,0.153,0.320,40,-2.157,-2.041,-1.584,0.621,0.686
51.00,6.494,-0.614,-1.639,0.209,0.320,41,-2.156,-2.104,-1.518,0.627,0.580
51.10,6.490,-0.620,-1.549,0.195,0.310,42,-2.152,-2.166,-1.475,0.626,0.387
51.20,6.495,-0.630,-1.458,0.203,0.310,40,-2.145,-2.228,-1.423,0.623,0.642
51.30,6.488,-0.635,-1.390,0.238,0.300,40,-2.134,-2.289,-1.357,0.620,0.657
51.40,6.475,-0.651,-1.284,0.241,0.310,41,-2.119,-2.352,-1.288,0.647,0.734
51.50,6.432,-0.699,-1.101,0.228,0.260,43,-2.098,-2.414,-1.201,0.662,0.911
51.60,6.511,-0.669,-0.751,0.234,0.260,43,-2.072,-2.475,-1.109,0.665,0.915
51.70,6.510,-0.675,-0.703,0.251,0.250,43,-2.040,-2.534,-1.016,0.670,0.922
51.80,6.357,-0.654,-0.678,0.259,0.220,43,-2.003,-2.589,-0.927,0.663,0.844
51.90,6.412,-0.655,-0.630,0.245,0.220,43,-1.961,-2.641,-0.861,0.666,0.557
52.00,6.373,-0.658,-0.575,0.241,0.250,42,-1.917,-2.691,-0.809,0.661,0.447
52.10,6.353,-0.664,-0.520,0.200,0.250,42,-1.871,-2.738,-0.752,0.662,0.762
52.20,6.423,-0.662,-0.453,0.238,0.220,44,-1.821,-2.781,-0.667,0.660,0.908
52.30,6.338,-0.658,-0.398,0.236,0.250,44,-1.768,-2.820,-0.586,0.660,0.601
52.40,6.346,-0.663,-0.314,0.248,0.250,43,-1.712,-2.856,-0.548,0.660,0.313
52.50,6.347,-0.665,-0.249,0.246,0.250,41,-1.656,-2.889,-0.518,0.642,0.286
52.60,6.341,-0.661,-0.199,0.235,0.250,40,-1.598,-2.921,-0.483,0.728,0.524
52.70,6.338,-0.658,-0.208,0.293,0.250,41,-1.528,-2.955,-0.399,0.792,0.973
52.80,6.426,-0.655,-0.228,0.343,0.210,41,-1.451,-2.984,-0.305,0.849,0.887
52.90,6.457,-0.648,-0.150,0.326,0.210,41,-1.369,-3.007,-0.225,0.844,0.844
53.00,6.504,-0.642,-0.100,0.355,0.180,41,-1.284,-3.023,-0.131,0.870,0.936
53.10,6.527,-0.643,-0.029,0.389,0.200,42,-1.199,-3.031,-0.048,0.849,0.710
53.20,6.574,-0.685,-0.069,0.485,0.150,41,-1.114,-3.033,0.019,0.836,0.861
53.30,6.583,-0.690,-0.040,0.446,0.160,41,-1.032,-3.029,0.108,0.809,0.821
53.40,6.567,-0.677,0.040,0.450,0.160,43,-0.954,-3.018,0.186,0.777,0.777
53.50,6.533,-0.673,-0.029,0.301,0.200,45,-0.882,-3.001,0.276,0.708,0.975
53.60,6.539,-0.747,-0.351,0.334,0.210,46,-0.819,-2.981,0.368,0.632,0.869
53.70,6.531,-0.772,-0.420,0.216,0.260,45,-0.765,-2.958,0.448,0.557,0.766
53.80,6.621,-0.788,-0.445,0.266,0.250,45,-0.719,-2.934,0.512,0.496,0.422
53.90,6.767,-0.808,-0.481,0.205,0.220,46,-0.677,-2.911,0.523,0.459,0.016
54.00,6.764,-0.717,-0.535,0.201,0.215,47,-0.638,-2.888,0.545,0.452,0.404
54.10,6.983,-0.526,-0.572,0.279,0.210,47,-0.600,-2.863,0.601,0.451,0.621
54.20,7.035,-0.425,-0.418,0.313,0.180,47,-0.563,-2.837,0.664,0.450,0.620
54.30,7.051,-0.408,-0.368,0.316,0.180,47,-0.527,-2.808,0.700,0.455,0.074
54.40,7.057,-0.398,-0.366,0.346,0.180,46,-0.492,-2.778,0.700,0.459,-0.000
54.50,7.060,-0.389,-0.322,0.327,0.180,44,-0.457,-2.749,0.693,0.454,-0.170
54.60,7.069,-0.403,-0.293,0.272,0.200,43,-0.421,-2.720,0.644,0.459,-0.650
54.70,7.059,-0.379,-0.388,0.389,0.200,44,-0.384,-2.694,0.579,0.456,-0.645
54.80,7.055,-0.391,-0.363,0.289,0.200,44,-0.345,-2.669,0.522,0.462,-0.286
54.90,7.057,-0.388,-0.390,0.331,0.180,44,-0.304,-2.646,0.519,0.446,-0.028
55.00,7.044,-0.419,-0.401,0.318,0.180,44,-0.266,-2.625,0.481,0.458,-0.649
55.10,7.073,-0.414,-0.244,0.322,0.180,43,-0.224,-2.604,0.414,0.481,-0.681
55.20,7.045,-0.425,-0.379,0.322,0.180,44,-0.175,-2.584,0.340,0.593,-0.839
55.30,7.059,-0.412,-0.377,0.291,0.200,44,-0.115,-2.566,0.251,0.666,-0.942
55.40,7.042,-0.443,-0.461,0.275,0.205,44,-0.053,-2.552,0.161,0.659,-0.932
55.50,7.066,-0.419,-0.487,0.244,0.210,46,0.011,-2.544,0.069,0.634,-0.897
55.60,7.053,-0.459,-0.525,0.277,0.220,47,0.072,-2.542,-0.017,0.597,-0.844
55.70,7.088,-0.514,-0.576,0.245,0.210,46,0.130,-2.545,-0.099,0.565,-0.799
55.80,7.144,-0.526,-0.614,0.246,0.210,47,0.185,-2.552,-0.177,0.551,-0.780
55.90,7.232,-0.572,-0.712,0.233,0.250,47,0.239,-2.563,-0.255,0.559,-0.791
56.00,7.199,-0.579,-0.752,0.249,0.250,46,0.293,-2.579,-0.325,0.552,-0.552
56.10,7.290,-0.631,-0.796,0.193,0.260,47,0.344,-2.598,-0.376,0.551,-0.518
56.20,7.275,-0.647,-0.870,0.218,0.260,47,0.395,-2.619,-0.423,0.550,-0.364
56.30,7.298,-0.689,-0.892,0.215,0.270,47,0.444,-2.642,-0.432,0.549,-0.000
56.40,7.301,-0.678,-0.884,0.212,0.270,47,0.496,-2.665,-0.432,0.603,-0.000
56.50,7.296,-0.687,-0.884,0.219,0.260,47,0.557,-2.694,-0.432,0.702,-0.000
56.60,7.324,-0.706,-0.890,0.213,0.260,47,0.624,-2.724,-0.432,0.752,-0.000
56.70,7.387,-0.792,-1.041,0.284,0.250,48,0.693,-2.756,-0.424,0.715,0.248
56.80,7.632,-0.956,-1.084,0.394,0.180,47,0.760,-2.785,-0.356,0.712,0.941
56.90,7.641,-0.956,-1.068,0.371,0.200,46,0.826,-2.806,-0.268,0.673,0.713
57.00,7.607,-0.981,-0.916,0.350,0.210,45,0.887,-2.822,-0.231,0.602,0.123
57.10,7.601,-1.007,-0.800,0.343,0.220,45,0.942,-2.835,-0.231,0.542,-0.000
57.20,7.591,-1.020,-0.767,0.318,0.220,44,0.992,-2.847,-0.231,0.494,-0.000
57.30,7.599,-1.023,-0.759,0.298,0.220,44,1.039,-2.857,-0.213,0.477,0.350
57.40,7.628,-1.002,-0.772,0.320,0.220,42,1.081,-2.866,-0.171,0.405,0.405
57.50,7.609,-0.995,-0.841,0.361,0.210,42,1.120,-2.872,-0.156,0.378,0.040
57.60,7.589,-1.006,-0.832,0.336,0.210,40,1.154,-2.877,-0.143,0.315,0.231
57.70,7.593,-1.014,-0.770,0.335,0.210,39,1.183,-2.881,-0.107,0.316,0.435
57.80,7.594,-0.996,-0.798,0.300,0.210,39,1.218,-2.885,-0.078,0.363,0.131
57.90,7.607,-1.004,-0.751,0.313,0.220,40,1.261,-2.888,-0.072,0.473,0.097
58.00,7.609,-1.011,-0.633,0.261,0.210,42,1.309,-2.891,-0.034,0.498,0.604
58.10,7.603,-1.017,-0.604,0.230,0.210,41,1.361,-2.891,0.028,0.513,0.598
58.20,7.617,-1.024,-0.509,0.261,0.200,41,1.413,-2.889,0.088,0.510,0.595
58.30,7.617,-1.035,-0.506,0.274,0.200,40,1.462,-2.883,0.116,0.483,0.004
58.40,7.605,-1.093,-0.445,0.315,0.220,42,1.509,-2.878,0.116,0.461,-0.000
58.50,7.606,-1.098,-0.440,0.321,0.210,41,1.554,-2.873,0.116,0.455,-0.000
58.60,7.622,-1.063,-0.470,0.292,0.210,43,1.601,-2.867,0.116,0.471,-0.000
58.70,7.627,-1.040,-0.466,0.275,0.200,44,1.647,-2.862,0.116,0.389,-0.000
58.80,7.637,-1.042,-0.425,0.271,0.200,45,1.705,-2.855,0.116,0.657,-0.000
58.90,7.629,-1.064,-0.379,0.324,0.210,44,1.776,-2.847,0.116,0.742,-0.000
59.00,7.666,-0.997,-0.307,0.329,0.180,43,1.856,-2.837,0.116,0.817,-0.000
59.10,7.662,-1.003,-0.303,0.339,0.160,44,1.937,-2.828,0.113,0.824,-0.145
59.20,7.669,-1.007,-0.317,0.346,0.160,45,2.022,-2.819,0.088,0.860,-0.298
59.30,7.660,-0.994,-0.346,0.399,0.160,46,2.108,-2.812,0.063,0.864,-0.153
59.40,7.662,-0.999,-0.307,0.400,0.160,45,2.194,-2.807,0.062,0.875,-0.000
59.50,7.669,-1.008,-0.301,0.371,0.160,46,2.282,-2.802,0.062,0.878,-0.000
59.60,7.682,-0.999,-0.195,0.294,0.220,46,2.369,-2.796,0.062,0.879,-0.000
59.70,7.693,-1.002,-0.169,0.336,0.200,46,2.457,-2.791,0.062,0.878,-0.000
59.80,7.705,-0.996,-0.033,0.321,0.200,46,2.539,-2.786,0.062,0.753,-0.000
59.90,7.688,-1.023,-0.237,0.352,0.180,47,2.618,-2.781,0.062,0.784,-0.000
60.00,7.626,-1.059,-0.410,0.381,0.160,47,2.702,-2.775,0.062,0.831,-0.000
60.10,7.625,-1.112,-0.307,0.332,0.200,46,2.785,-2.770,0.062,0.826,-0.000
60.20,7.654,-1.099,-0.312,0.294,0.210,46,2.866,-2.765,0.062,0.813,-0.000
60.30,7.640,-1.086,-0.297,0.286,0.210,47,2.948,-2.760,0.062,0.827,-0.000
60.40,7.669,-1.051,-0.186,0.274,0.200,48,3.024,-2.755,0.062,0.728,-0.000
60.50,7.667,-1.019,-0.129,0.188,0.180,47,3.098,-2.751,0.062,0.737,-0.000
60.60,7.690,-1.009,-0.148,0.248,0.180,47,3.169,-2.746,0.062,0.701,-0.000
60.70,7.686,-1.019,-0.141,0.243,0.180,47,3.242,-2.742,0.062,0.754,-0.000
60.80,7.737,-1.045,0.434,0.312,0.210,47,3.309,-2.738,0.062,0.684,-0.000
60.90,7.716,-1.001,0.450,0.288,0.200,47,3.381,-2.733,0.062,0.745,-0.000
61.00,7.731,-1.026,0.450,0.294,0.210,48,3.457,-2.729,0.062,0.767,-0.000
61.10,7.731,-1.026,0.381,0.334,0.200,49,3.535,-2.724,0.062,0.785,-0.000
61.20,7.755,-1.053,0.417,0.320,0.210,49,3.613,-2.719,0.062,0.781,-0.000
61.30,7.762,-1.053,0.446,0.338,0.200,48,3.692,-2.714,0.062,0.789,-0.000
61.40,7.759,-1.068,0.431,0.341,0.200,47,3.768,-2.709,0.075,0.706,0.225
61.50,7.762,-1.080,0.448,0.315,0.200,47,3.839,-2.703,0.115,0.712,0.389
61.60,7.725,-0.997,0.573,0.364,0.180,47,3.909,-2.694,0.143,0.699,0.272
61.70,7.719,-0.986,0.593,0.334,0.200,45,3.977,-2.684,0.150,0.676,-0.000
61.80,7.724,-0.988,0.628,0.323,0.200,45,4.043,-2.674,0.150,0.665,-0.000
61.90,7.722,-0.986,0.630,0.310,0.210,45,4.107,-2.664,0.150,0.634,-0.000
62.00,7.721,-0.985,0.634,0.310,0.210,45,4.168,-2.655,0.150,0.610,-0.000
62.10,7.722,-0.981,0.651,0.314,0.210,45,4.229,-2.645,0.150,0.612,-0.000
62.20,7.724,-0.985,0.639,0.308,0.200,45,4.290,-2.636,0.150,0.620,-0.000
62.30,7.722,-0.978,0.698,0.313,0.210,46,4.351,-2.627,0.150,0.619,-0.000
62.40,7.717,-0.962,0.739,0.323,0.210,46,4.415,-2.617,0.150,0.637,-0.000
62.50,7.719,-0.955,0.720,0.345,0.220,46,4.479,-2.608,0.150,0.651,-0.000
62.60,7.719,-0.958,0.728,0.361,0.200,46,4.544,-2.598,0.150,0.669,-0.000
62.70,7.717,-0.948,0.705,0.367,0.200,48,4.611,-2.588,0.144,0.675,-0.215
62.80,7.722,-0.948,0.704,0.365,0.200,48,4.678,-2.579,0.100,0.682,-0.591
62.90,7.722,-0.950,0.686,0.364,0.210,47,4.746,-2.574,0.016,0.674,-0.890
63.00,7.730,-0.948,0.767,0.331,0.200,46,4.812,-2.575,-0.052,0.656,-0.358
63.10,7.735,-0.951,0.818,0.374,0.200,46,4.871,-2.579,-0.055,0.577,-0.000
63.20,7.737,-0.953,0.824,0.378,0.200,46,4.930,-2.582,-0.055,0.593,-0.000
63.30,7.737,-0.947,0.803,0.389,0.200,45,4.988,-2.585,-0.055,0.575,-0.000
63.40,7.737,-0.956,0.789,0.353,0.180,46,5.041,-2.588,-0.055,0.514,-0.000
63.50,7.741,-0.957,0.750,0.355,0.200,46,5.081,-2.590,-0.061,0.233,-0.117
63.60,7.740,-0.961,0.743,0.326,0.180,44,5.088,-2.591,-0.066,0.000,-0.000
63.70,7.741,-0.970,0.751,0.317,0.200,43,5.090,-2.591,-0.067,0.069,-0.068
63.80,7.743,-0.983,0.674,0.299,0.200,43,5.097,-2.591,-0.075,0.000,-0.000
63.90,7.739,-0.961,0.673,0.341,0.200,44,5.097,-2.591,-0.075,0.000,-0.000
64.00,7.744,-0.972,0.670,0.322,0.200,42,5.106,-2.592,-0.076,0.000,-0.000
64.10,7.743,-0.974,0.617,0.322,0.200,42,5.108,-2.592,-0.076,0.053,-0.000
64.20,7.746,-0.983,0.635,0.318,0.200,42,5.112,-2.592,-0.076,0.000,-0.000
64.30,7.743,-0.975,0.626,0.334,0.200,43,5.112,-2.592,-0.076,0.000,-0.000
64.40,7.747,-0.981,0.628,0.338,0.200,43,5.112,-2.592,-0.076,0.000,-0.000
64.50,7.744,-0.975,0.640,0.337,0.200,44,5.114,-2.592,-0.076,0.000,-0.000
64.60,7.741,-0.974,0.634,0.340,0.200,46,5.114,-2.592,-0.076,0.000,-0.000
64.70,7.744,-0.974,0.617,0.348,0.200,47,5.116,-2.593,-0.076,0.000,-0.000
64.80,7.743,-0.970,0.623,0.353,0.180,46,5.124,-2.593,-0.076,0.231,-0.000
64.90,7.741,-0.938,0.606,0.420,0.160,46,5.140,-2.594,-0.076,0.000,-0.000
65.00,7.733,-0.874,0.627,0.447,0.160,49,5.143,-2.595,-0.079,0.061,-0.067
65.10,7.729,-0.860,0.655,0.440,0.150,48,5.175,-2.598,-0.121,0.476,-0.666
65.20,7.742,-0.918,0.669,0.471,0.150,47,5.229,-2.606,-0.199,0.310,-0.439
65.30,7.756,-0.879,0.653,0.377,0.180,44,5.293,-2.621,-0.280,0.790,-0.767
65.40,7.662,-0.568,0.853,0.312,0.210,44,5.374,-2.645,-0.284,0.836,-0.000
65.50,7.664,-0.556,0.812,0.229,0.250,43,5.433,-2.662,-0.302,0.564,-0.463
65.60,7.695,-0.537,0.782,0.227,0.250,41,5.493,-2.683,-0.373,0.708,-0.902
65.70,7.775,-0.448,0.634,0.229,0.220,39,5.572,-2.717,-0.481,0.917,-1.240
65.80,7.852,-0.464,0.404,0.383,0.200,39,5.646,-2.761,-0.603,0.772,-1.093
65.90,7.877,-0.541,0.245,0.375,0.160,40,5.710,-2.809,-0.716,0.775,-1.097
66.00,8.097,-0.635,0.262,0.401,0.160,38,5.763,-2.860,-0.820,0.699,-0.989
66.10,8.161,-0.628,0.137,0.431,0.160,38,5.806,-2.910,-0.914,0.631,-0.892
66.20,8.241,-0.649,0.070,0.454,0.150,38,5.839,-2.956,-0.987,0.522,-0.530
66.30,8.348,-0.644,0.031,0.367,0.160,40,5.865,-2.995,-0.996,0.445,-0.000
66.40,8.462,-0.653,-0.008,0.334,0.200,39,5.888,-3.030,-1.015,0.387,-0.335
66.50,8.645,-0.651,0.079,0.224,0.215,39,5.905,-3.059,-1.055,0.333,-0.471
66.60,8.806,-0.538,-0.086,0.540,0.140,41,5.920,-3.088,-1.101,0.315,-0.445
66.70,9.026,-0.417,-0.197,0.245,0.210,43,5.934,-3.116,-1.146,0.315,-0.445
66.80,9.108,-0.353,-0.301,0.359,0.200,44,5.946,-3.144,-1.168,0.294,-0.000
66.90,9.106,-0.357,-0.305,0.384,0.190,44,5.962,-3.179,-1.168,0.406,-0.000
67.00,9.097,-0.378,-0.403,0.438,0.180,45,5.971,-3.202,-1.169,0.281,-0.077
67.10,9.069,-0.429,-0.558,0.374,0.180,46,5.984,-3.233,-1.209,0.371,-0.525
67.20,9.089,-0.418,-0.593,0.325,0.180,47,5.993,-3.257,-1.245,0.279,-0.394
67.30,9.301,-0.287,-0.575,0.435,0.160,48,6.002,-3.287,-1.290,0.332,-0.469
67.40,9.159,-0.375,-0.312,0.444,0.150,47,6.011,-3.320,-1.311,0.351,-0.000
67.50,9.140,-0.383,-0.213,0.414,0.160,48,6.021,-3.357,-1.311,0.471,-0.000
67.60,9.144,-0.373,-0.223,0.420,0.150,47,6.035,-3.410,-1.311,0.558,-0.000
67.70,9.141,-0.376,-0.220,0.420,0.160,46,6.051,-3.469,-1.311,0.675,-0.000
67.80,9.147,-0.362,-0.180,0.447,0.150,46,6.070,-3.540,-1.315,0.757,-0.166
67.90,9.147,-0.380,-0.156,0.433,0.160,46,6.088,-3.616,-1.392,0.791,-1.120
68.00,9.150,-0.374,-0.143,0.392,0.180,46,6.098,-3.696,-1.506,0.799,-1.131
68.10,9.147,-0.388,-0.217,0.395,0.160,45,6.100,-3.774,-1.617,0.797,-1.128
68.20,9.175,-0.391,-0.286,0.420,0.160,44,6.093,-3.852,-1.727,0.772,-1.093
68.30,9.116,-0.400,-0.378,0.343,0.200,44,6.079,-3.927,-1.769,0.785,-0.000
68.40,9.114,-0.410,-0.424,0.344,0.180,45,6.064,-4.002,-1.769,0.761,-0.000
68.50,9.100,-0.404,-0.439,0.392,0.180,45,6.049,-4.077,-1.769,0.751,-0.000
68.60,9.098,-0.416,-0.470,0.311,0.200,45,6.034,-4.149,-1.769,0.687,-0.000
68.70,9.107,-0.419,-0.444,0.317,0.200,44,6.022,-4.211,-1.769,0.591,-0.000
68.80,9.220,-0.446,-0.435,0.377,0.180,42,6.012,-4.260,-1.769,0.429,-0.000
68.90,9.520,-0.504,-0.477,0.255,0.210,40,6.005,-4.294,-1.769,0.286,-0.006
69.00,9.568,-0.467,-0.479,0.288,0.210,38,6.004,-4.302,-1.772,0.000,-0.000
69.10,9.588,-0.456,-0.498,0.289,0.210,37,6.004,-4.302,-1.772,0.000,-0.000
69.20,9.609,-0.442,-0.510,0.306,0.210,37,6.004,-4.302,-1.772,0.000,-0.000
69.30,9.613,-0.328,-0.496,0.367,0.180,35,6.004,-4.302,-1.772,0.000,-0.000
69.40,9.606,-0.248,-0.510,0.395,0.160,37,6.004,-4.302,-1.772,0.000,-0.000
69.50,9.606,-0.245,-0.509,0.410,0.160,37,6.004,-4.302,-1.772,0.000,-0.000
69.60,9.609,-0.219,-0.536,0.419,0.160,37,6.004,-4.302,-1.772,0.000,-0.000
69.70,9.609,-0.215,-0.546,0.422,0.160,39,6.004,-4.302,-1.772,0.000,-0.000
69.80,9.600,-0.240,-0.521,0.384,0.160,41,6.003,-4.306,-1.777,0.000,-0.000
69.90,9.598,-0.224,-0.575,0.429,0.160,43,6.003,-4.306,-1.777,0.000,-0.000
70.00,9.579,-0.220,-0.627,0.432,0.160,44,6.001,-4.313,-1.788,0.160,-0.226
70.10,9.593,-0.250,-0.574,0.396,0.160,45,6.001,-4.314,-1.790,0.000,-0.000
70.20,9.594,-0.251,-0.568,0.372,0.180,47,6.001,-4.316,-1.792,0.000,-0.000
70.30,9.567,-0.246,-0.605,0.396,0.180,49,6.001,-4.316,-1.792,0.000,-0.000
70.40,9.554,-0.224,-0.636,0.395,0.180,48,6.000,-4.320,-1.798,0.000,-0.000
70.50,9.553,-0.246,-0.622,0.378,0.180,48,5.999,-4.321,-1.800,0.060,-0.084
70.60,9.574,-0.275,-0.644,0.365,0.200,49,5.993,-4.349,-1.840,0.356,-0.504
70.70,9.570,-0.290,-0.647,0.339,0.210,49,5.983,-4.382,-1.889,0.478,-0.676
70.80,9.528,-0.290,-0.756,0.271,0.250,47,5.963,-4.436,-1.970,0.647,-0.915
70.90,9.533,-0.280,-0.781,0.224,0.270,45,5.933,-4.500,-2.070,0.740,-1.048
71.00,9.518,-0.326,-0.902,0.180,0.290,46,5.895,-4.563,-2.174,0.751,-1.063
71.10,9.898,-0.458,-1.103,0.253,0.210,46,5.849,-4.624,-2.283,0.741,-1.049
71.20,10.193,-0.519,-1.223,0.319,0.200,45,5.801,-4.675,-2.383,0.681,-0.963
71.30,10.300,-0.659,-1.279,0.287,0.250,44,5.750,-4.720,-2.478,0.680,-0.962
71.40,10.254,-0.688,-1.347,0.268,0.210,44,5.695,-4.760,-2.575,0.686,-0.971
71.50,10.241,-0.634,-1.422,0.299,0.200,43,5.632,-4.796,-2.677,0.794,-1.124
71.60,10.725,-0.688,-1.231,0.375,0.150,43,5.549,-4.832,-2.805,0.962,-1.361
71.70,10.705,-0.693,-1.327,0.320,0.180,43,5.450,-4.861,-2.951,1.107,-1.567
71.80,10.752,-0.655,-1.487,0.388,0.180,45,5.330,-4.876,-3.123,1.172,-1.658
71.90,10.814,-0.637,-1.481,0.328,0.220,46,5.249,-4.874,3.083,0.243,-0.000
72.00,11.103,-0.731,-1.440,0.637,0.070,46,5.244,-4.874,3.083,0.106,-0.000
72.10,11.068,-0.753,-1.484,0.636,0.070,47,5.233,-4.873,3.083,0.000,-0.000
72.20,11.051,-0.736,-1.477,0.631,0.100,47,5.233,-4.873,3.083,0.000,-0.000
72.30,11.067,-0.741,-1.497,0.638,0.070,47,5.233,-4.873,3.083,0.000,-0.000
72.40,11.058,-0.738,-1.484,0.645,0.070,47,5.230,-4.873,3.083,0.000,-0.000
72.50,11.049,-0.735,-1.476,0.637,0.100,48,5.227,-4.873,3.083,0.069,-0.000
72.60,11.051,-0.752,-1.475,0.640,0.100,48,5.165,-4.869,3.083,1.245,-0.000
72.70,11.172,-0.942,-1.587,0.574,0.100,47,4.969,-4.857,3.083,2.414,-0.000
72.80,11.156,-0.995,-1.612,0.541,0.110,45,4.730,-4.843,3.083,2.157,-0.000
72.90,11.087,-1.121,-1.609,0.611,0.070,45,4.686,-4.841,3.083,0.000,-0.000
73.00,11.097,-1.157,-1.632,0.613,0.070,45,4.686,-4.841,3.083,0.000,-0.000
73.10,11.164,-1.029,-1.666,0.556,0.110,44,4.686,-4.841,3.083,0.000,-0.000
73.20,11.172,-0.993,-1.668,0.514,0.140,43,4.686,-4.841,3.083,0.000,-0.000
73.30,11.180,-0.987,-1.670,0.500,0.145,43,4.686,-4.841,3.083,0.000,-0.000
73.40,11.181,-0.988,-1.668,0.511,0.140,42,4.686,-4.841,3.083,0.000,-0.000
73.50,11.181,-0.986,-1.671,0.504,0.140,42,4.686,-4.841,3.083,0.000,-0.000
73.60,11.177,-0.984,-1.667,0.515,0.140,41,4.686,-4.841,3.083,0.000,-0.000
73.70,11.177,-0.986,-1.668,0.510,0.140,42,4.686,-4.841,3.083,0.000,-0.000
73.80,11.170,-0.983,-1.658,0.523,0.110,44,4.686,-4.841,3.083,0.000,-0.000
73.90,11.176,-0.975,-1.665,0.516,0.140,45,4.686,-4.841,3.083,0.000,-0.000
74.00,11.185,-0.981,-1.670,0.502,0.140,44,4.686,-4.841,3.083,0.000,-0.000
74.10,11.177,-0.983,-1.668,0.505,0.140,44,4.686,-4.841,3.083,0.000,-0.000
74.20,11.177,-0.984,-1.668,0.516,0.140,44,4.686,-4.841,3.083,0.000,-0.000
74.30,11.175,-0.975,-1.664,0.515,0.140,44,4.686,-4.841,3.083,0.000,-0.000
74.40,11.179,-0.972,-1.664,0.510,0.140,44,4.686,-4.841,3.083,0.000,-0.000
74.50,11.167,-0.961,-1.660,0.513,0.140,43,4.686,-4.841,3.083,0.000,-0.000
74.60,11.160,-0.950,-1.655,0.529,0.110,44,4.686,-4.841,3.083,0.000,-0.000
74.70,11.164,-0.961,-1.660,0.522,0.140,44,4.686,-4.841,3.083,0.000,-0.000
74.80,11.169,-0.961,-1.661,0.517,0.140,43,4.686,-4.841,3.083,0.000,-0.000
74.90,11.165,-0.960,-1.659,0.517,0.140,43,4.686,-4.841,3.083,0.000,-0.000
75.00,11.158,-0.951,-1.650,0.540,0.110,44,4.686,-4.841,3.083,0.000,-0.000
75.10,11.164,-0.964,-1.655,0.522,0.110,44,4.686,-4.841,3.083,0.000,-0.000
75.20,11.083,-0.814,-1.589,0.570,0.070,45,4.686,-4.841,3.083,0.000,-0.000
75.30,11.071,-0.766,-1.570,0.624,0.100,46,4.686,-4.841,3.083,0.000,-0.000
75.40,11.014,-0.724,-1.489,0.621,0.100,47,4.686,-4.841,3.083,0.000,-0.000
75.50,11.084,-0.753,-1.451,0.511,0.110,48,4.686,-4.841,3.083,0.000,-0.000
75.60,11.062,-0.746,-1.470,0.553,0.110,47,4.686,-4.841,3.083,0.000,-0.000
75.70,11.039,-0.766,-1.551,0.611,0.100,47,4.686,-4.841,3.083,0.000,-0.000
75.80,11.076,-0.802,-1.557,0.574,0.100,48,4.686,-4.841,3.083,0.000,-0.000
75.90,11.095,-0.765,-1.529,0.621,0.100,47,4.686,-4.841,3.083,0.000,-0.000
76.00,11.090,-0.759,-1.517,0.605,0.100,47,4.686,-4.841,3.083,0.000,-0.000
76.10,11.069,-0.748,-1.498,0.605,0.100,48,4.686,-4.841,3.083,0.000,-0.000
76.20,11.057,-0.720,-1.502,0.669,0.050,48,4.686,-4.841,3.083,0.000,-0.000
76.30,11.087,-0.742,-1.522,0.622,0.085,47,4.686,-4.841,3.083,0.000,-0.000
76.40,11.088,-0.757,-1.533,0.625,0.070,47,4.686,-4.841,3.083,0.000,-0.000
76.50,11.083,-0.754,-1.527,0.636,0.070,47,4.686,-4.841,3.083,0.000,-0.000
76.60,11.086,-0.760,-1.530,0.632,0.070,47,4.686,-4.841,3.083,0.000,-0.000
76.70,11.085,-0.755,-1.530,0.630,0.070,46,4.686,-4.841,3.083,0.000,-0.000
76.80,11.078,-0.746,-1.523,0.635,0.070,45,4.686,-4.841,3.083,0.000,-0.000
76.90,11.084,-0.758,-1.529,0.635,0.070,46,4.686,-4.841,3.083,0.000,-0.000
77.00,11.081,-0.756,-1.530,0.627,0.070,46,4.686,-4.841,3.083,0.000,-0.000
77.10,11.080,-0.749,-1.523,0.633,0.070,45,4.686,-4.841,3.083,0.000,-0.000
77.20,11.084,-0.761,-1.528,0.629,0.070,43,4.683,-4.841,3.083,0.126,-0.000
77.30,11.083,-0.760,-1.524,0.642,0.070,45,4.683,-4.841,3.083,0.000,-0.000
77.40,11.080,-0.755,-1.523,0.671,0.070,43,4.674,-4.840,3.083,-0.062,0.000
77.50,11.058,-0.751,-1.493,0.683,0.070,43,4.674,-4.840,3.083,0.000,-0.000
77.60,11.042,-0.753,-1.484,0.672,0.070,43,4.674,-4.840,3.083,0.000,-0.000
77.70,11.049,-0.757,-1.492,0.689,0.070,44,4.674,-4.840,3.083,0.000,-0.000
77.80,11.056,-0.765,-1.495,0.686,0.070,45,4.670,-4.840,3.083,0.000,-0.000
77.90,11.059,-0.769,-1.500,0.722,0.070,43,4.666,-4.840,3.083,0.000,-0.000
78.00,11.059,-0.772,-1.496,0.700,0.050,43,4.666,-4.840,3.083,0.000,-0.000
78.10,11.050,-0.775,-1.491,0.662,0.070,44,4.666,-4.840,3.083,0.000,-0.000
78.20,11.056,-0.775,-1.495,0.674,0.070,44,4.666,-4.840,3.083,0.000,-0.000
78.30,11.050,-0.783,-1.494,0.626,0.070,42,4.662,-4.839,3.083,0.000,-0.000
78.40,11.057,-0.775,-1.495,0.681,0.070,43,4.661,-4.839,3.083,0.051,-0.000
78.50,11.059,-0.769,-1.496,0.708,0.050,43,4.656,-4.839,3.083,0.000,-0.000
78.60,11.056,-0.773,-1.495,0.692,0.050,44,4.650,-4.839,3.083,0.122,-0.000
78.70,11.041,-0.778,-1.490,0.660,0.050,43,4.650,-4.839,3.083,0.000,-0.000
78.80,11.046,-0.773,-1.491,0.693,0.050,43,4.645,-4.838,3.083,0.000,-0.000
78.90,11.045,-0.772,-1.491,0.692,0.050,45,4.645,-4.838,3.083,0.000,-0.000
79.00,11.035,-0.773,-1.488,0.691,0.050,45,4.645,-4.838,3.083,0.000,-0.000
79.10,11.037,-0.773,-1.488,0.689,0.050,44,4.645,-4.838,3.083,0.000,-0.000
79.20,11.034,-0.775,-1.487,0.679,0.050,46,4.645,-4.838,3.083,0.000,-0.000
79.30,11.042,-0.789,-1.490,0.654,0.050,46,4.645,-4.838,3.083,0.000,-0.000
79.40,11.042,-0.796,-1.492,0.654,0.050,47,4.645,-4.838,3.083,0.000,-0.000
79.50,11.041,-0.802,-1.495,0.652,0.050,45,4.645,-4.838,3.083,0.000,-0.000
79.60,11.045,-0.791,-1.493,0.658,0.050,45,4.645,-4.838,3.083,0.000,-0.000
79.70,11.039,-0.797,-1.491,0.656,0.050,46,4.645,-4.838,3.083,0.000,-0.000
79.80,11.041,-0.801,-1.493,0.656,0.050,46,4.645,-4.838,3.083,0.000,-0.000
79.90,11.043,-0.790,-1.492,0.657,0.050,45,4.645,-4.838,3.083,0.000,-0.000
80.00,11.044,-0.798,-1.492,0.654,0.050,44,4.645,-4.838,3.083,0.000,-0.000
80.10,11.043,-0.798,-1.494,0.653,0.050,44,4.645,-4.838,3.083,0.000,-0.000
80.20,11.046,-0.795,-1.494,0.655,0.050,44,4.645,-4.838,3.083,0.000,-0.000
80.30,11.039,-0.792,-1.490,0.656,0.050,44,4.645,-4.838,3.083,0.000,-0.000
80.40,11.042,-0.794,-1.491,0.658,0.050,44,4.645,-4.838,3.083,0.000,-0.000
80.50,11.038,-0.796,-1.491,0.656,0.050,44,4.645,-4.838,3.083,0.000,-0.000
80.60,11.039,-0.796,-1.491,0.654,0.050,44,4.645,-4.838,3.083,0.000,-0.000
80.70,11.039,-0.797,-1.492,0.659,0.050,42,4.645,-4.838,3.083,0.000,-0.000
80.80,11.037,-0.795,-1.491,0.656,0.050,42,4.645,-4.838,3.083,0.000,-0.000
80.90,11.042,-0.788,-1.490,0.655,0.050,43,4.645,-4.838,3.083,0.000,-0.000
81.00,11.038,-0.799,-1.492,0.657,0.050,43,4.645,-4.838,3.083,0.000,-0.000
81.10,11.040,-0.801,-1.493,0.655,0.050,42,4.645,-4.838,3.083,0.000,-0.000
81.20,11.042,-0.796,-1.493,0.653,0.050,41,4.645,-4.838,3.083,0.000,-0.000
81.30,11.039,-0.795,-1.492,0.660,0.050,41,4.645,-4.838,3.083,0.000,-0.000
81.40,11.043,-0.807,-1.495,0.656,0.050,41,4.645,-4.838,3.083,0.000,-0.000
81.50,11.037,-0.803,-1.493,0.654,0.050,42,4.645,-4.838,3.083,0.000,-0.000
81.60,11.039,-0.796,-1.491,0.657,0.050,42,4.645,-4.838,3.083,0.000,-0.000
81.70,11.041,-0.801,-1.493,0.657,0.050,44,4.645,-4.838,3.083,0.000,-0.000
81.80,11.042,-0.801,-1.493,0.653,0.050,43,4.645,-4.838,3.083,0.000,-0.000
81.90,11.041,-0.793,-1.493,0.656,0.050,42,4.645,-4.838,3.083,0.000,-0.000
82.00,11.046,-0.797,-1.494,0.656,0.050,43,4.645,-4.838,3.083,0.000,-0.000
82.10,11.040,-0.795,-1.492,0.660,0.050,45,4.645,-4.838,3.083,0.000,-0.000
82.20,11.045,-0.797,-1.494,0.655,0.050,46,4.645,-4.838,3.083,0.000,-0.000
82.30,11.040,-0.800,-1.493,0.654,0.050,46,4.645,-4.838,3.083,0.000,-0.000
82.40,11.039,-0.799,-1.492,0.655,0.050,44,4.645,-4.838,3.083,0.000,-0.000
82.50,11.040,-0.797,-1.491,0.651,0.050,45,4.645,-4.838,3.083,0.000,-0.000
82.60,11.041,-0.801,-1.493,0.655,0.050,45,4.645,-4.838,3.083,0.000,-0.000
82.70,11.041,-0.803,-1.495,0.655,0.050,43,4.645,-4.838,3.083,0.000,-0.000
82.80,11.041,-0.799,-1.494,0.657,0.050,43,4.645,-4.838,3.083,0.000,-0.000
82.90,11.045,-0.795,-1.494,0.652,0.050,43,4.645,-4.838,3.083,0.000,-0.000
83.00,11.041,-0.806,-1.495,0.656,0.050,42,4.645,-4.838,3.083,0.000,-0.000
83.10,11.042,-0.802,-1.493,0.658,0.050,42,4.645,-4.838,3.083,0.000,-0.000
83.20,11.044,-0.792,-1.492,0.657,0.050,42,4.645,-4.838,3.083,0.000,-0.000
83.30,11.041,-0.795,-1.492,0.656,0.050,43,4.645,-4.838,3.083,0.000,-0.000
83.40,11.042,-0.788,-1.491,0.655,0.050,45,4.645,-4.838,3.083,0.000,-0.000
83.50,11.047,-0.787,-1.491,0.658,0.050,44,4.645,-4.838,3.083,0.000,-0.000
83.60,11.043,-0.803,-1.493,0.654,0.050,44,4.645,-4.838,3.083,0.000,-0.000
83.70,11.041,-0.800,-1.493,0.659,0.050,46,4.645,-4.838,3.083,0.000,-0.000
83.80,11.046,-0.802,-1.495,0.655,0.050,47,4.645,-4.838,3.083,0.000,-0.000
83.90,11.039,-0.803,-1.493,0.655,0.050,47,4.645,-4.838,3.083,0.000,-0.000
84.00,11.039,-0.801,-1.493,0.655,0.050,48,4.645,-4.838,3.083,0.000,-0.000
84.10,11.037,-0.802,-1.493,0.657,0.050,47,4.645,-4.838,3.083,0.000,-0.000
84.20,11.038,-0.804,-1.492,0.654,0.050,47,4.645,-4.838,3.083,0.000,-0.000
84.30,11.037,-0.804,-1.492,0.655,0.050,45,4.645,-4.838,3.083,0.000,-0.000
84.40,11.039,-0.800,-1.492,0.657,0.050,45,4.645,-4.838,3.083,0.000,-0.000
84.50,11.039,-0.797,-1.491,0.655,0.050,45,4.645,-4.838,3.083,0.000,-0.000
84.60,11.042,-0.794,-1.491,0.658,0.050,45,4.645,-4.838,3.083,0.000,-0.000
84.70,11.043,-0.802,-1.493,0.658,0.050,44,4.645,-4.838,3.083,0.000,-0.000
84.80,11.041,-0.799,-1.492,0.657,0.050,44,4.645,-4.838,3.083,0.000,-0.000
84.90,11.043,-0.798,-1.493,0.657,0.050,44,4.645,-4.838,3.083,0.000,-0.000
85.00,11.040,-0.801,-1.494,0.653,0.050,44,4.645,-4.838,3.083,0.000,-0.000
85.10,11.049,-0.790,-1.492,0.659,0.050,43,4.645,-4.838,3.083,0.000,-0.000
85.20,11.041,-0.796,-1.493,0.657,0.050,42,4.645,-4.838,3.083,0.000,-0.000
85.30,11.044,-0.800,-1.494,0.658,0.050,43,4.645,-4.838,3.083,0.000,-0.000
85.40,11.041,-0.796,-1.491,0.656,0.050,43,4.645,-4.838,3.083,0.000,-0.000
85.50,11.040,-0.801,-1.493,0.658,0.050,44,4.645,-4.838,3.083,0.000,-0.000
85.60,11.037,-0.802,-1.493,0.655,0.050,43,4.645,-4.838,3.083,0.000,-0.000
85.70,11.041,-0.798,-1.492,0.658,0.050,44,4.645,-4.838,3.083,0.000,-0.000
85.80,11.041,-0.799,-1.493,0.657,0.050,44,4.645,-4.838,3.083,0.000,-0.000
85.90,11.044,-0.801,-1.493,0.662,0.050,45,4.645,-4.838,3.083,0.000,-0.000
86.00,11.041,-0.800,-1.493,0.657,0.050,44,4.645,-4.838,3.083,0.000,-0.000
86.10,11.040,-0.790,-1.490,0.658,0.050,46,4.645,-4.838,3.083,0.000,-0.000
86.20,11.040,-0.801,-1.492,0.660,0.050,47,4.645,-4.838,3.083,0.000,-0.000
86.30,11.043,-0.799,-1.494,0.651,0.050,46,4.645,-4.838,3.083,0.000,-0.000
86.40,11.044,-0.803,-1.495,0.659,0.050,46,4.645,-4.838,3.083,0.000,-0.000
86.50,11.038,-0.805,-1.494,0.656,0.050,46,4.645,-4.838,3.083,0.000,-0.000
86.60,11.040,-0.809,-1.495,0.655,0.050,47,4.645,-4.838,3.083,0.000,-0.000
86.70,11.040,-0.802,-1.494,0.657,0.050,46,4.645,-4.838,3.083,0.000,-0.000
86.80,11.046,-0.801,-1.495,0.653,0.050,46,4.645,-4.838,3.083,0.000,-0.000
86.90,11.041,-0.798,-1.492,0.655,0.050,46,4.645,-4.838,3.083,0.000,-0.000
87.00,11.042,-0.794,-1.492,0.653,0.050,47,4.645,-4.838,3.083,0.000,-0.000
87.10,11.041,-0.790,-1.490,0.654,0.050,46,4.645,-4.838,3.083,0.000,-0.000
87.20,11.041,-0.798,-1.493,0.654,0.050,45,4.645,-4.838,3.083,0.000,-0.000
87.30,11.038,-0.793,-1.490,0.656,0.050,45,4.645,-4.838,3.083,0.000,-0.000
87.40,11.042,-0.793,-1.491,0.657,0.050,44,4.645,-4.838,3.083,0.000,-0.000
87.50,11.046,-0.802,-1.495,0.656,0.050,43,4.645,-4.838,3.083,0.000,-0.000
87.60,11.039,-0.801,-1.492,0.655,0.050,43,4.645,-4.838,3.083,0.000,-0.000
87.70,11.041,-0.798,-1.492,0.652,0.050,43,4.645,-4.838,3.083,0.000,-0.000
87.80,11.048,-0.798,-1.495,0.652,0.050,43,4.645,-4.838,3.083,0.000,-0.000
87.90,11.039,-0.802,-1.493,0.654,0.050,43,4.645,-4.838,3.083,0.000,-0.000
88.00,11.041,-0.793,-1.491,0.650,0.050,43,4.645,-4.838,3.083,0.000,-0.000
88.10,11.039,-0.796,-1.491,0.655,0.050,44,4.645,-4.838,3.083,0.000,-0.000
88.20,11.040,-0.797,-1.491,0.655,0.050,45,4.645,-4.838,3.083,0.000,-0.000
88.30,11.039,-0.798,-1.492,0.656,0.050,46,4.645,-4.838,3.083,0.000,-0.000
88.40,11.040,-0.799,-1.492,0.658,0.050,46,4.645,-4.838,3.083,0.000,-0.000
88.50,11.040,-0.795,-1.493,0.657,0.050,47,4.645,-4.838,3.083,0.000,-0.000
88.60,11.041,-0.797,-1.492,0.659,0.050,47,4.645,-4.838,3.083,0.000,-0.000
88.70,11.039,-0.799,-1.491,0.651,0.050,47,4.645,-4.838,3.083,0.000,-0.000
88.80,11.042,-0.789,-1.492,0.661,0.050,47,4.645,-4.838,3.083,0.000,-0.000
88.90,11.045,-0.795,-1.493,0.660,0.050,46,4.645,-4.838,3.083,0.000,-0.000
89.00,11.043,-0.804,-1.493,0.659,0.050,46,4.645,-4.838,3.083,0.000,-0.000
89.10,11.041,-0.799,-1.494,0.658,0.050,44,4.645,-4.838,3.083,0.000,-0.000
89.20,11.040,-0.795,-1.492,0.657,0.050,44,4.645,-4.838,3.083,0.000,-0.000
89.30,11.037,-0.797,-1.493,0.656,0.050,45,4.645,-4.838,3.083,0.000,-0.000
89.40,11.041,-0.794,-1.491,0.657,0.050,46,4.645,-4.838,3.083,0.000,-0.000
89.50,11.040,-0.802,-1.494,0.659,0.050,45,4.645,-4.838,3.083,0.000,-0.000
89.60,11.036,-0.803,-1.493,0.653,0.050,45,4.645,-4.838,3.083,0.000,-0.000
89.70,11.037,-0.803,-1.492,0.652,0.050,46,4.645,-4.838,3.083,0.000,-0.000
89.80,11.039,-0.805,-1.494,0.654,0.050,45,4.645,-4.838,3.083,0.000,-0.000
89.90,11.038,-0.798,-1.491,0.657,0.050,43,4.645,-4.838,3.083,0.000,-0.000
90.00,11.041,-0.798,-1.492,0.657,0.050,42,4.645,-4.838,3.083,0.000,-0.000
90.10,11.041,-0.804,-1.493,0.657,0.050,42,4.645,-4.838,3.083,0.000,-0.000
90.20,11.038,-0.809,-1.494,0.655,0.050,39,4.645,-4.838,3.083,0.000,-0.000
90.30,11.039,-0.800,-1.493,0.652,0.050,38,4.645,-4.838,3.083,0.000,-0.000
90.40,11.039,-0.805,-1.495,0.657,0.050,38,4.645,-4.838,3.083,0.000,-0.000
90.50,11.041,-0.801,-1.494,0.654,0.050,38,4.645,-4.838,3.083,0.000,-0.000
90.60,11.042,-0.798,-1.492,0.655,0.050,38,4.645,-4.838,3.083,0.000,-0.000
90.70,11.036,-0.796,-1.491,0.655,0.050,37,4.645,-4.838,3.083,0.000,-0.000
90.80,11.040,-0.798,-1.492,0.655,0.050,38,4.645,-4.838,3.083,0.000,-0.000
90.90,11.043,-0.799,-1.495,0.653,0.050,41,4.645,-4.838,3.083,0.000,-0.000
91.00,11.043,-0.787,-1.491,0.657,0.050,41,4.645,-4.838,3.083,0.000,-0.000
91.10,11.047,-0.791,-1.493,0.653,0.050,42,4.645,-4.838,3.083,0.000,-0.000
91.20,11.039,-0.795,-1.491,0.656,0.050,45,4.645,-4.838,3.083,0.000,-0.000
91.30,11.038,-0.794,-1.491,0.656,0.050,45,4.645,-4.838,3.083,0.000,-0.000
91.40,11.045,-0.806,-1.496,0.656,0.050,44,4.645,-4.838,3.083,0.000,-0.000
91.50,11.046,-0.801,-1.495,0.651,0.050,43,4.645,-4.838,3.083,0.000,-0.000
91.60,11.041,-0.800,-1.494,0.657,0.050,42,4.645,-4.838,3.083,0.000,-0.000
91.70,11.044,-0.797,-1.492,0.657,0.050,42,4.645,-4.838,3.083,0.000,-0.000
91.80,11.045,-0.800,-1.494,0.657,0.050,39,4.645,-4.838,3.083,0.000,-0.000
91.90,11.037,-0.797,-1.492,0.659,0.050,38,4.645,-4.838,3.083,0.000,-0.000
92.00,11.042,-0.801,-1.494,0.658,0.050,39,4.645,-4.838,3.083,0.000,-0.000
92.10,11.042,-0.795,-1.492,0.655,0.050,40,4.645,-4.838,3.083,0.000,-0.000
92.20,11.042,-0.794,-1.491,0.648,0.050,38,4.645,-4.838,3.083,0.000,-0.000
92.30,11.041,-0.788,-1.491,0.659,0.050,37,4.645,-4.838,3.083,0.000,-0.000
92.40,11.040,-0.797,-1.493,0.653,0.050,37,4.645,-4.838,3.083,0.000,-0.000
92.50,11.037,-0.802,-1.494,0.653,0.050,39,4.645,-4.838,3.083,0.000,-0.000
92.60,11.043,-0.792,-1.492,0.659,0.050,40,4.645,-4.838,3.083,0.000,-0.000
92.70,11.044,-0.796,-1.494,0.653,0.050,41,4.645,-4.838,3.083,0.000,-0.000
92.80,11.041,-0.801,-1.495,0.651,0.050,44,4.645,-4.838,3.083,0.000,-0.000
92.90,11.038,-0.799,-1.492,0.651,0.050,43,4.645,-4.838,3.083,0.000,-0.000
93.00,11.041,-0.801,-1.495,0.659,0.050,43,4.645,-4.838,3.083,0.000,-0.000
93.10,11.040,-0.804,-1.494,0.656,0.050,42,4.645,-4.838,3.083,0.000,-0.000
93.20,11.037,-0.811,-1.495,0.657,0.050,43,4.645,-4.838,3.083,0.000,-0.000
93.30,11.039,-0.797,-1.491,0.655,0.050,45,4.645,-4.838,3.083,0.000,-0.000
93.40,11.038,-0.808,-1.495,0.658,0.050,45,4.645,-4.838,3.083,0.000,-0.000
93.50,11.041,-0.800,-1.494,0.651,0.050,45,4.645,-4.838,3.083,0.000,-0.000
93.60,11.040,-0.801,-1.493,0.658,0.050,45,4.645,-4.838,3.083,0.000,-0.000
93.70,11.045,-0.794,-1.493,0.656,0.050,44,4.645,-4.838,3.083,0.000,-0.000
93.80,11.038,-0.793,-1.490,0.657,0.050,44,4.645,-4.838,3.083,0.000,-0.000
93.90,11.043,-0.794,-1.493,0.654,0.050,45,4.645,-4.838,3.083,0.000,-0.000
94.00,11.043,-0.792,-1.491,0.660,0.050,43,4.645,-4.838,3.083,0.000,-0.000
94.10,11.039,-0.801,-1.492,0.660,0.050,43,4.645,-4.838,3.083,0.000,-0.000
94.20,11.038,-0.794,-1.492,0.657,0.050,44,4.645,-4.838,3.083,0.000,-0.000
94.30,11.040,-0.796,-1.493,0.655,0.050,40,4.645,-4.838,3.083,0.000,-0.000
94.40,11.039,-0.797,-1.492,0.658,0.050,38,4.645,-4.838,3.083,0.000,-0.000
94.50,11.040,-0.799,-1.493,0.657,0.050,39,4.645,-4.838,3.083,0.000,-0.000
94.60,11.037,-0.799,-1.491,0.654,0.050,39,4.645,-4.838,3.083,0.000,-0.000
94.70,11.043,-0.792,-1.491,0.659,0.050,40,4.645,-4.838,3.083,0.000,-0.000
94.80,11.041,-0.798,-1.492,0.655,0.050,40,4.645,-4.838,3.083,0.000,-0.000
94.90,11.040,-0.791,-1.490,0.655,0.050,40,4.645,-4.838,3.083,0.000,-0.000
95.00,11.041,-0.798,-1.493,0.654,0.050,42,4.645,-4.838,3.083,0.000,-0.000
95.10,11.041,-0.804,-1.493,0.657,0.050,41,4.645,-4.838,3.083,0.000,-0.000
95.20,11.040,-0.803,-1.495,0.656,0.050,41,4.645,-4.838,3.083,0.000,-0.000
95.30,11.040,-0.801,-1.491,0.652,0.050,44,4.645,-4.838,3.083,0.000,-0.000
95.40,11.040,-0.804,-1.494,0.654,0.050,45,4.645,-4.838,3.083,0.000,-0.000
