-4.4517199,-11.0933611,3.1445087
-4.5606594,-11.2605572,3.3758904
-4.6609074,-11.4326840,2.7879809
-4.7384956,-11.6137620,2.5487739
-4.7724912,-11.8071989,2.5323347
-4.7930086,-12.0113331,1.5546584
-4.7785500,-12.2085654,1.5484757
-4.6569953,-12.3617525,1.5422681
-4.5407725,-12.5277370,2.1152555
-4.3810259,-12.6181475,2.1214336
-4.1729505,-12.6264507,2.3158857
-3.9704450,-12.6417634,2.7267488
-3.7754496,-12.6609975,3.0806515
-3.5760361,-12.6741983,3.3954710
-3.3767769,-12.6875743,3.6812660
-3.1780460,-12.7006055,3.9443671
-2.9792590,-12.7132489,4.1890681
-2.7800253,-12.7262721,4.4184415
-2.5815843,-12.7396661,4.6347775
-2.3824734,-12.7533979,4.8398376
-2.1829161,-12.7672883,5.0350121
-1.9841664,-12.7811142,5.2214217
-1.7850627,-12.7948936,5.3999856
-1.5857770,-12.8085632,5.5714692
-1.3867848,-12.8221046,5.7365180
-1.1876538,-12.8357076,5.5279645
-0.9886338,-12.8490261,5.0691427
-0.7897222,-12.8621783,4.6023067
-0.5903878,-12.8768733,4.1071507
-0.3909436,-12.8878227,3.7172118
-0.1909198,-12.8860044,3.3138456
0.0082959,-12.8653374,2.8853329
0.2020834,-12.8185307,2.4299457
0.3795879,-12.7323299,2.3774891
0.5226172,-12.5934807,2.3607071
0.6508020,-12.4385926,2.3513187
0.7104158,-12.2539295,2.3418928
0.7202355,-12.0516668,2.7432973
0.7214860,-11.8553474,3.0951915
0.7035804,-11.6566336,3.4085629
0.6781957,-11.4595553,3.2499135
0.6361763,-11.2642952,2.8899776
0.5640882,-11.0784208,2.5789240
0.4774607,-10.8980975,1.8414022
0.3935440,-10.7179552,1.8340791
0.2380086,-10.5976422,1.8267266
0.0622738,-10.4935611,2.3291580
-0.0991544,-10.3811924,2.7379401
-0.2741131,-10.2880922,2.9640942
-0.4679239,-10.2365765,2.9522118
-0.6601426,-10.1864159,3.2803299
-0.8539495,-10.1390721,3.5762005
-1.0478935,-10.0933163,3.8472879
-1.2427913,-10.0581162,4.0773680
-1.4379693,-10.0212340,4.3135429
-1.6361480,-10.0021101,4.3936432
-1.8370449,-9.9964267,4.4743901
-2.0365752,-9.9888759,4.0423690
-2.2339524,-9.9863130,3.5623965
-2.4365013,-9.9776681,2.9357576
-2.6374775,-9.9680782,2.9240823
-2.8286525,-10.0106958,2.9123603
-3.0074983,-10.1002883,2.9715819
-3.1899799,-10.1835460,3.2976341
-3.3749122,-10.2581999,3.5919530
-3.5569651,-10.3382353,3.8618178
-3.7331807,-10.4346173,3.8058051
-3.9066619,-10.5341347,3.1800511
-4.0766691,-10.6359980,2.8217541
-4.2289305,-10.7645250,2.8105322
-4.3450616,-10.9279290,2.7992654
-4.4517199,-11.0933611,3.1445087
